5cyt,8
1emy,18
2nrl,18
2nrm,36
3qm5,21
3qm6,17
3qm7,16
3qm8,68
3qm9,27
3qma,8
1g0b,32
1iwh,33
1ibe,24
2dhb,24
1ns6,34
1s0h,27
2d5x,30
5azq,23
5azr,25
1ns9,32
1y8h,46
1y8i,60
1y8k,60
2mhb,26
2zlt,34
2zlu,31
2zlv,26
2zlw,48
2zlx,68
1ymb,21
1azi,23
1bje,20
1dwr,21
1dws,22
1dwt,19
1gjn,20
1hrm,20
1hsy,22
1npf,22
1npg,21
1nz2,24
1nz3,20
1nz4,20
1nz5,19
1wla,23
1yma,15
2frf,18
2fri,22
2frj,19
2frk,20
2in4,21
2nsr,19
2nss,24
2o58,19
2o5b,22
2o5l,19
2o5m,21
2o5o,21
2o5q,20
2o5s,21
2o5t,21
2v1e,16
2v1f,20
2v1g,19
2v1h,19
2v1j,19
2v1k,20
2v1l,14
2vlx,18
2vly,43
2vlz,26
2vm0,27
3ba2,20
3lr7,21
3lr9,22
3rj6,40
3v2v,19
3v2z,20
3vau,18
3vm9,28
3wft,17
3wfu,17
3wi8,20
3wyo,100
4dc7,21
4dc8,23
5cmv,20
5cn4,22
5d5r,20
1rse,23
1xch,23
3hc9,20
3hen,21
3heo,16
3hep,19
3rjn,19
4ns2,18
4twu,16
4twv,23
1ymc,14
2hhb,74
3hhb,70
4hhb,65
2w6v,101
2w72,58
3nmm,89
2hbc,42
2hbd,40
2hbe,42
2hbf,40
3rgk,25
1eca,19
1ecd,20
1ecn,21
1eco,20
1x9f,133
2bk9,15
2c0k,20
2zwj,16
3a5a,17
3a5b,11
3a5g,14
3a9m,14
3arj,17
3ark,15
3arl,16
1b0b,30
1ebt,37
1mba,17
2fal,19
2fam,17
3mba,17
4mba,17
5mba,18
1dm1,23
1lhs,19
1lht,19
1mbs,17
1bvc,17
1bvd,16
1do1,17
1do3,19
1do4,17
1do7,18
1myf,18
2mb5,18
2mya,19
2myb,20
2myc,19
2myd,19
2mye,18
1duk,17
1irc,22
1duo,22
1mgn,17
101m,22
102m,17
103m,16
104m,18
105m,20
106m,17
107m,19
108m,22
109m,20
110m,18
111m,19
112m,17
1a6g,7
1a6k,10
1a6m,8
1a6n,9
1abs,17
1ajg,15
1ajh,15
1bz6,7
1bzp,9
1bzr,12
1cq2,16
1dxc,13
1dxd,13
1ebc,18
1f6h,7
1hjt,18
1iop,19
1j3f,15
1j52,18
1jdo,20
1jp6,17
1jp8,18
1jp9,16
1jpb,18
1jw8,12
1l2k,18
1lue,18
1mbc,15
1mbd,19
1mbi,15
1mbn,17
1mbo,18
1moa,17
1mob,18
1mob,18
1moc,22
1mod,20
1mti,20
1mtj,19
1mtj,19
1mtk,20
1mym,20
1myz,17
1mz0,19
1o16,18
1spe,25
1swm,20
1tes,20
1u7r,17
1u7s,20
1ufj,15
1ufp,18
1v9q,16
1vxa,19
1vxb,17
1vxc,26
1vxd,19
1vxe,19
1vxf,20
1vxg,18
1vxh,18
1wvp,51
1yog,19
1yoh,18
1yoi,20
2blh,20
2bli,19
2blj,21
2bw9,21
2bwh,21
2cmm,19
2d6c,25
2e2y,16
2eb8,13
2eb9,13
2ef2,13
2ekt,83
2eku,18
2evk,19
2evp,20
2g0r,19
2g0s,19
2g0v,19
2g0x,19
2g0z,19
2g10,19
2g11,19
2g12,19
2g14,19
2jho,16
2mbw,20
2mga,17
2mgb,19
2mgc,17
2mgd,17
2mge,18
2mgf,18
2mgg,19
2mgh,19
2mgi,17
2mgj,19
2mgk,18
2mgl,20
2mgm,18
2w6w,21
2z6s,13
2z6t,13
2zsn,18
2zso,18
2zsp,19
2zsq,17
2zsr,17
2zss,18
2zst,18
2zsx,16
2zsy,17
2zsz,17
2zt0,18
2zt1,18
2zt2,19
2zt3,18
2zt4,17
3a2g,17
3ase,19
3e4n,18
3e55,18
3e5i,18
3e5o,18
3ecl,18
3ecx,18
3ecz,19
3ed8,44
3ed9,18
3eda,17
3k9z,20
3m38,19
3m39,19
3m3a,20
3m3b,24
3mn0,19
3o89,17
3u3e,18
4fwx,20
4fwy,18
4fwz,17
4h07,15
4h0b,19
4mbn,18
4mxk,24
4mxl,24
4nxa,15
4nxc,14
4of9,18
4pnj,51
5mbn,18
1ch1,18
1ch2,18
1ch3,19
1ch5,19
1ch7,17
1ch9,18
1cik,20
1cio,18
1co8,18
1co9,19
1cp0,18
1cp5,18
1cpw,18
1dti,19
1dtm,18
1F63,19
1F65,14
1h1x,14
1ltw,19
1mcy,18
1mlf,19
1mlg,20
1mlh,22
1mlj,18
1mlk,18
1mll,19
1mlm,19
1mln,17
1mlo,20
1mlq,18
1mlr,18
1mls,19
1n9f,15
1n9h,15
1n9i,16
1n9x,16
1naz,13
1obm,18
1ofj,18
1ofk,17
2oh8,19
2oh9,20
2oha,18
2ohb,19
2spl,17
2spm,17
2spn,19
2spo,17
2w6x,16
2w6y,16
3h57,16
3h58,17
3nml,28
3ogb,22
3sdn,14
4it8,15
4ood,18
4pq6,16
4pqc,17
4qau,17
4tyx,16
5hav,21
1fcs,16
1mlu,20
4lpi,15
4pqb,17
5c6y,17
3aq5,24
3aq6,25
1qpw,75
2pgh,60
1myg,38
1myh,32
1myi,36
1m6c,35
1m6m,38
1mdn,37
1mnh,17
1mni,35
1mnj,33
1mnk,39
1mno,36
1mwc,34
1mwd,37
1myj,38
1pmb,32
1yca,35
1ycb,34
1myt,22
