52.821,14.354,49.120,7
53.381,14.743,47.743,7
53.473,13.572,46.799,7
52.969,12.492,47.089,7
54.112,13.782,45.653,7
49.634,12.375,49.870,8
49.421,10.884,49.581,8
49.965,10.004,50.686,8
50.876,10.413,51.408,8
49.412,8.797,50.833,8
57.561,-14.475,49.254,50
58.949,-14.332,49.891,50
59.525,-12.948,49.701,50
58.849,-12.059,49.198,50
60.772,-12.753,50.112,50
52.492,-14.897,51.457,52
52.207,-16.283,50.889,52
51.160,-17.017,51.677,52
50.181,-16.418,52.131,52
51.348,-18.323,51.841,52
65.502,-10.577,24.520,129
65.348,-9.736,23.256,129
66.608,-9.695,22.428,129
67.632,-9.162,22.860,129
66.542,-10.252,21.223,129
63.835,2.678,38.697,160
63.990,1.232,38.227,160
64.427,0.319,39.335,160
65.555,0.429,39.828,160
63.542,-0.588,39.749,160
65.157,7.959,35.279,162
66.046,7.672,34.052,162
65.323,7.830,32.721,162
64.463,8.689,32.558,162
65.705,7.011,31.747,162
53.818,15.966,32.596,171
54.883,16.279,31.535,171
55.902,17.307,32.002,171
55.677,18.032,32.970,171
57.029,17.379,31.300,171
60.742,6.998,43.417,182
61.427,7.957,42.431,182
62.067,7.241,41.228,182
61.819,6.062,40.965,182
62.896,7.981,40.484,182
66.516,12.899,53.459,256
66.022,14.294,53.065,256
66.501,15.357,54.022,256
66.403,15.194,55.238,256
67.045,16.441,53.485,256
70.439,-2.249,61.185,272
69.895,-2.997,59.966,272
70.953,-3.819,59.262,272
72.138,-3.740,59.589,272
70.532,-4.611,58.283,272
80.670,7.401,43.636,292
79.848,8.603,43.172,292
78.959,8.263,41.985,292
78.147,7.344,42.056,292
79.115,8.989,40.891,292
78.305,4.809,38.939,294
78.444,5.526,37.591,294
78.526,7.033,37.751,294
77.789,7.620,38.542,294
79.435,7.663,37.018,294
