52.552,14.233,48.992,7
53.102,14.634,47.611,7
53.224,13.465,46.661,7
52.731,12.374,46.936,7
53.875,13.693,45.522,7
49.382,12.262,49.734,8
49.160,10.775,49.452,8
49.697,9.893,50.564,8
50.629,10.283,51.266,8
49.126,8.692,50.722,8
57.183,-14.615,49.099,50
58.568,-14.477,49.727,50
59.137,-13.089,49.559,50
58.462,-12.188,49.072,50
60.392,-12.909,49.950,50
52.131,-15.060,51.312,52
51.855,-16.447,50.746,52
50.810,-17.205,51.539,52
49.831,-16.625,52.007,52
51.011,-18.508,51.686,52
65.395,-10.619,24.503,129
65.222,-9.815,23.215,129
66.470,-9.796,22.370,129
67.505,-9.279,22.788,129
66.380,-10.360,21.171,129
51.866,3.208,27.361,136
51.060,4.353,26.746,136
51.766,5.694,26.839,136
52.321,6.052,27.877,136
51.736,6.449,25.749,136
63.503,2.555,38.536,160
63.633,1.111,38.065,160
64.080,0.196,39.167,160
65.219,0.300,39.638,160
63.196,-0.691,39.613,160
64.855,7.861,35.180,162
65.744,7.574,33.953,162
65.019,7.729,32.619,162
64.151,8.580,32.456,162
65.410,6.914,31.645,162
53.508,15.868,32.528,171
54.568,16.181,31.467,171
55.572,17.221,31.928,171
55.348,17.929,32.909,171
56.685,17.326,31.209,171
60.431,6.867,43.287,182
61.119,7.826,42.306,182
61.756,7.118,41.104,182
61.520,5.942,40.840,182
62.564,7.871,40.354,182
81.405,3.112,67.106,241
81.255,3.431,68.600,241
82.498,4.062,69.187,241
82.438,5.129,69.799,241
83.636,3.405,69.001,241
66.209,12.780,53.317,256
65.722,14.174,52.912,256
66.134,15.233,53.906,256
65.980,15.051,55.111,256
66.673,16.339,53.411,256
70.133,-2.437,61.020,272
69.586,-3.176,59.801,272
70.640,-4.001,59.090,272
71.830,-3.930,59.410,272
70.208,-4.784,58.107,272
80.377,7.293,43.553,292
79.566,8.494,43.072,292
78.680,8.145,41.890,292
77.858,7.235,41.975,292
78.848,8.848,40.784,292
78.081,4.740,38.829,294
78.189,5.468,37.485,294
78.169,6.977,37.646,294
77.466,7.512,38.504,294
78.951,7.671,36.830,294
