39.460,26.550,63.111,17
39.177,27.919,63.742,17
38.120,28.691,62.991,17
37.043,28.170,62.688,17
38.404,29.947,62.709,17
21.523,37.270,44.185,35
20.186,37.970,43.966,35
19.310,37.910,45.194,35
19.714,38.328,46.271,35
18.114,37.387,45.042,35
5.381,30.677,53.242,110
4.287,31.453,53.994,110
3.120,31.756,53.107,110
3.252,32.531,52.157,110
1.974,31.146,53.378,110
6.791,6.374,55.645,194
8.265,6.041,55.505,194
8.546,5.088,54.360,194
7.634,4.461,53.815,194
9.799,4.975,53.986,194
13.834,-0.402,53.268,206
12.468,-1.058,53.182,206
12.502,-2.405,52.485,206
13.571,-2.937,52.184,206
11.329,-2.950,52.233,206
39.195,14.222,48.187,225
40.436,14.660,47.406,225
40.153,15.763,46.411,225
39.075,15.854,45.850,225
41.140,16.622,46.197,225
35.192,15.225,72.381,317
36.149,14.043,72.460,317
37.589,14.486,72.338,317
37.922,15.335,71.500,317
38.447,13.931,73.162,317
