59.310,-7.376,67.616,36
59.740,-8.768,68.081,36
58.590,-9.771,68.111,36
57.413,-9.354,68.141,36
58.873,-10.997,68.143,36
59.222,-3.893,51.518,43
60.508,-3.250,51.024,43
60.488,-3.043,49.525,43
59.809,-2.094,49.083,43
61.105,-3.850,48.788,43
49.052,-13.229,49.889,98
50.165,-13.219,48.835,98
49.932,-14.210,47.697,98
49.047,-15.098,47.789,98
50.681,-14.102,46.702,98
42.877,-5.315,52.971,102
50.263,1.566,52.319,105
51.179,1.676,53.521,105
50.477,1.231,54.775,105
49.770,2.068,55.389,105
50.565,0.020,55.097,105
62.107,-14.835,22.720,125
62.158,-13.782,21.589,125
63.450,-12.950,21.566,125
64.523,-13.449,21.964,125
63.397,-11.788,21.094,125
52.811,-2.550,24.058,134
51.942,-2.712,22.805,134
50.507,-3.114,23.125,134
50.200,-3.400,24.301,134
49.683,-3.157,22.188,134
48.310,4.216,30.979,139
47.980,3.415,29.721,139
47.616,4.301,28.543,139
47.033,5.383,28.757,139
47.918,3.919,27.400,139
40.179,5.319,44.133,149
39.815,5.961,42.794,149
40.420,7.341,42.638,149
40.562,8.033,43.669,149
40.743,7.734,41.501,149
73.549,-12.198,48.240,216
72.614,-12.774,49.327,216
71.410,-11.903,49.617,216
71.466,-10.697,49.327,216
70.418,-12.434,50.178,216
82.646,-6.628,41.718,224
81.247,-7.158,42.028,224
80.553,-7.733,40.812,224
81.021,-7.495,39.679,224
79.523,-8.415,40.996,224
85.670,-1.319,51.728,230
84.722,-0.292,51.102,230
85.443,0.891,50.467,230
86.442,1.384,51.030,230
84.980,1.345,49.397,230
71.571,6.697,68.159,277
71.680,5.558,69.177,277
72.520,4.400,68.672,277
73.018,3.617,69.509,277
72.691,4.274,67.443,277
81.521,11.688,56.703,284
80.844,11.000,57.904,284
81.755,10.835,59.123,284
82.997,10.757,58.984,284
81.198,10.737,60.243,284
61.526,1.857,28.450,308
60.142,1.674,29.074,308
59.027,2.154,28.159,308
59.096,3.319,27.712,308
58.097,1.365,27.875,308
