59.229,-6.914,67.375,36
59.661,-8.313,67.813,36
58.506,-9.308,67.864,36
57.323,-8.906,67.898,36
58.783,-10.528,67.887,36
59.029,-3.505,51.242,43
60.330,-2.876,50.751,43
60.305,-2.657,49.254,43
59.609,-1.716,48.806,43
60.926,-3.470,48.516,43
48.735,-12.849,49.727,98
49.873,-12.875,48.705,98
49.640,-13.861,47.559,98
48.761,-14.753,47.660,98
50.387,-13.748,46.561,98
42.654,-4.768,52.769,102
41.315,-4.637,53.521,102
41.403,-3.841,54.805,102
42.407,-3.147,55.046,102
40.418,-3.901,55.574,102
50.102,2.012,52.058,105
51.034,2.138,53.250,105
50.352,1.701,54.513,105
49.667,2.563,55.116,105
50.419,0.491,54.841,105
61.927,-14.449,22.488,125
62.006,-13.363,21.388,125
63.312,-12.541,21.398,125
64.372,-13.068,21.788,125
63.281,-11.362,20.951,125
52.846,-1.983,23.912,134
52.222,-2.082,22.515,134
50.801,-2.624,22.518,134
50.129,-2.629,23.572,134
50.348,-3.037,21.426,134
47.919,4.333,30.731,139
47.618,3.484,29.496,139
47.184,4.325,28.314,139
46.570,5.393,28.533,139
47.456,3.922,27.167,139
40.031,5.863,44.050,149
39.631,6.485,42.716,149
40.265,7.849,42.513,149
40.466,8.566,43.521,149
40.564,8.215,41.359,149
73.460,-11.699,47.929,216
72.439,-12.134,48.993,216
71.313,-11.117,49.201,216
71.516,-9.912,48.911,216
70.231,-11.524,49.694,216
83.129,-6.872,42.372,224
81.642,-7.244,42.421,224
81.105,-7.717,41.085,224
81.806,-7.561,40.062,224
79.966,-8.230,41.063,224
85.375,-0.967,51.849,230
84.438,0.062,51.198,230
85.178,1.242,50.580,230
86.141,1.750,51.194,230
84.781,1.682,49.475,230
71.160,7.507,67.747,277
71.164,6.536,68.929,277
72.002,5.300,68.673,277
72.285,4.570,69.648,277
72.379,5.056,67.507,277
81.401,12.255,56.422,284
80.660,11.627,57.613,284
81.517,11.448,58.854,284
82.760,11.331,58.758,284
80.903,11.391,59.941,284
61.641,2.011,28.177,308
60.237,1.866,28.755,308
59.181,2.368,27.800,308
59.347,3.501,27.300,308
58.213,1.631,27.518,308
