-22.148,-5.809,1.00,-70.285
-20.960,-5.000,1.00,-70.808
-20.803,-5.025,1.00,-72.318
-19.597,-4.206,1.00,-72.692
-20.692,-6.461,1.00,-72.814
-20.124,-9.983,1.00,-66.938
-19.146,-9.142,1.00,-67.765
-19.277,-9.342,1.00,-69.279
-18.422,-8.289,1.00,-69.942
-18.851,-10.747,1.00,-69.671
-15.838,-11.187,1.00,-61.796
-15.849,-9.693,1.00,-62.107
-14.589,-8.955,1.00,-61.654
-13.345,-9.393,1.00,-62.439
-14.778,-7.452,1.00,-61.775
-13.197,-14.559,1.00,-58.815
-12.415,-13.815,1.00,-59.905
-12.528,-14.430,1.00,-61.288
-11.593,-13.714,1.00,-62.255
-12.267,-15.927,1.00,-61.279
-6.721,-11.966,1.00,-52.133
-6.345,-12.457,1.00,-50.736
-7.518,-12.623,1.00,-49.783
-7.964,-11.275,1.00,-49.258
-8.657,-13.491,1.00,-50.288
4.332,-1.791,1.00,-50.190
2.831,-1.538,1.00,-50.104
2.148,-2.211,1.00,-48.914
2.512,-1.499,1.00,-47.620
0.641,-2.244,1.00,-49.111
4.902,-5.354,1.00,-51.401
4.176,-5.951,1.00,-52.604
2.654,-5.897,1.00,-52.540
2.083,-6.377,1.00,-53.862
2.108,-6.710,1.00,-51.373
-9.907,-7.241,1.00,-60.042
-10.336,-8.211,1.00,-58.931
-9.877,-9.655,1.00,-59.086
-10.218,-10.444,1.00,-57.827
-10.520,-10.306,1.00,-60.296
-17.405,-2.331,1.00,-65.896
-17.761,-3.674,1.00,-65.231
-17.192,-4.902,1.00,-65.929
-17.340,-6.122,1.00,-65.029
-17.850,-5.143,1.00,-67.278
-3.864,-9.682,1.00,-68.639
-4.210,-8.243,1.00,-68.969
-3.131,-7.198,1.00,-68.640
-1.812,-7.467,1.00,-69.341
-3.676,-5.819,1.00,-69.000
5.179,-13.752,1.00,-65.841
4.937,-12.504,1.00,-66.690
6.174,-11.684,1.00,-67.048
7.160,-12.466,1.00,-67.899
5.771,-10.383,1.00,-67.725
-8.518,-18.246,1.00,-60.633
-8.028,-16.822,1.00,-60.435
-7.845,-16.332,1.00,-59.007
-7.491,-14.866,1.00,-59.028
-9.097,-16.553,1.00,-58.166
-23.569,-12.654,1.00,-75.684
-22.393,-11.970,1.00,-74.970
-22.680,-11.479,1.00,-73.545
-21.415,-11.083,1.00,-72.795
-23.682,-10.331,1.00,-73.535
7.661,11.417,1.00,-69.859
6.529,10.626,1.00,-70.500
6.450,10.671,1.00,-72.027
5.347,9.726,1.00,-72.474
6.213,12.075,1.00,-72.568
5.506,15.626,1.00,-66.553
4.565,14.769,1.00,-67.389
4.747,14.984,1.00,-68.881
3.953,13.924,1.00,-69.608
4.317,16.365,1.00,-69.314
1.132,16.745,1.00,-61.395
1.155,15.238,1.00,-61.698
-0.128,14.505,1.00,-61.281
-1.346,14.938,1.00,-62.098
0.088,13.003,1.00,-61.388
-1.584,20.079,1.00,-58.508
-2.325,19.333,1.00,-59.611
-2.217,19.952,1.00,-60.979
-3.117,19.243,1.00,-61.950
-2.538,21.453,1.00,-60.954
-8.249,17.463,1.00,-52.006
-8.629,17.958,1.00,-50.608
-7.458,18.134,1.00,-49.625
-6.975,16.814,1.00,-49.047
-6.318,19.034,1.00,-50.079
-19.303,7.270,1.00,-50.364
-17.766,7.151,1.00,-50.261
-17.025,7.869,1.00,-49.111
-16.677,6.891,1.00,-47.996
-15.756,8.576,1.00,-49.587
-19.959,10.787,1.00,-51.680
-19.217,11.345,1.00,-52.883
-17.698,11.377,1.00,-52.733
-17.092,11.959,1.00,-53.997
-17.256,12.177,1.00,-51.517
-4.880,12.772,1.00,-59.845
-4.488,13.743,1.00,-58.714
-4.924,15.187,1.00,-58.885
-4.649,15.971,1.00,-57.608
-4.254,15.842,1.00,-60.079
2.822,7.950,1.00,-65.536
3.131,9.286,1.00,-64.870
2.590,10.535,1.00,-65.566
2.743,11.750,1.00,-64.656
3.274,10.777,1.00,-66.910
-10.716,15.329,1.00,-68.580
-10.336,13.878,1.00,-68.926
-11.398,12.825,1.00,-68.629
-12.706,13.090,1.00,-69.334
-10.858,11.468,1.00,-69.003
-19.858,19.291,1.00,-65.972
-19.566,18.076,1.00,-66.854
-20.793,17.266,1.00,-67.289
-21.722,18.084,1.00,-68.176
-20.352,15.991,1.00,-68.001
-6.298,23.824,1.00,-60.412
-6.798,22.405,1.00,-60.206
-6.967,21.923,1.00,-58.762
-7.318,20.442,1.00,-58.800
-5.724,22.127,1.00,-57.913
9.457,18.535,1.00,-74.781
8.248,17.824,1.00,-74.160
8.451,17.259,1.00,-72.754
7.140,16.790,1.00,-72.163
9.432,16.098,1.00,-72.746
