20.810,-5.548,47.155,13
19.849,-4.508,47.728,13
18.392,-4.623,47.314,13
17.571,-3.565,48.024,13
18.260,-4.483,45.803,13
29.043,-13.582,65.473,30
29.039,-12.438,66.498,30
28.204,-12.654,67.764,30
28.698,-13.795,68.648,30
28.138,-11.362,68.566,30
29.770,-8.519,62.168,32
30.992,-8.236,63.050,32
31.002,-8.961,64.401,32
32.176,-8.483,65.248,32
29.703,-8.806,65.158,32
33.832,-3.392,67.935,41
35.022,-4.342,68.085,41
34.788,-5.781,67.612,41
36.103,-6.553,67.716,41
33.658,-6.506,68.349,41
35.069,-6.926,82.462,69
34.236,-6.711,83.735,69
33.518,-5.360,83.832,69
32.341,-5.288,82.878,69
33.061,-5.093,85.270,69
36.916,-3.734,81.547,70
37.103,-3.181,80.137,70
38.134,-2.058,80.049,70
39.533,-2.517,80.441,70
38.112,-1.467,78.658,70
44.171,-13.919,62.852,99
44.171,-12.648,62.008,99
44.781,-11.421,62.682,99
46.289,-11.617,62.924,99
44.549,-10.202,61.810,99
30.020,-3.910,64.047,125
29.797,-2.381,64.058,125
28.829,-1.905,62.949,125
27.424,-2.452,63.154,125
28.785,-0.400,62.823,125
33.799,-4.257,63.767,126
34.413,-5.596,63.349,126
35.872,-5.820,63.781,126
36.131,-7.288,64.028,126
36.841,-5.244,62.781,126
38.336,-0.366,61.047,128
38.330,-1.314,59.852,128
38.129,-2.788,60.209,128
37.830,-3.565,58.930,128
39.385,-3.335,60.915,128
37.369,7.651,66.901,133
36.771,7.412,65.516,133
37.111,8.449,64.463,133
36.420,8.077,63.162,133
36.704,9.830,64.911,133
50.957,-8.746,60.828,152
49.995,-7.721,60.228,152
48.589,-7.722,60.822,152
47.779,-6.617,60.171,152
47.903,-9.062,60.604,152
33.626,-6.582,48.193,161
32.915,-5.320,48.658,161
33.397,-4.732,49.983,161
32.622,-3.458,50.293,161
33.270,-5.715,51.116,161
25.859,4.012,48.847,224
24.550,4.804,48.785,224
23.274,3.969,48.972,224
22.049,4.859,48.746,224
23.240,2.758,48.036,224
28.137,6.522,47.111,225
28.587,6.245,45.689,225
29.545,7.234,45.041,225
30.798,7.480,45.885,225
29.933,6.734,43.657,225
29.057,12.870,46.390,227
29.399,12.349,44.992,227
30.270,11.081,44.966,227
30.367,10.575,43.536,227
31.657,11.370,45.548,227
21.832,3.007,34.154,259
22.004,2.648,35.625,259
20.742,2.678,36.470,259
21.057,2.283,37.899,259
20.105,4.048,36.433,259
34.412,0.187,46.898,310
34.468,0.069,48.410,310
34.665,1.381,49.178,310
34.757,1.095,50.660,310
35.867,2.187,48.696,310
