-22.556,56.533,24.890,-1
-22.435,56.740,23.392,-1
-23.095,57.658,22.859,-1
-21.684,55.978,22.746,-1
-57.775,60.480,25.015,14
-57.952,61.988,25.075,14
-58.942,62.466,25.669,14
-57.091,62.700,24.518,14
-59.216,47.760,43.206,23
-58.053,46.973,43.772,23
-56.891,47.303,43.461,23
-58.307,46.019,44.538,23
-66.339,43.538,38.758,27
-65.334,43.230,39.852,27
-64.123,43.174,39.543,27
-65.748,43.029,41.014,27
-57.049,76.859,26.196,74
-56.253,78.025,25.632,74
-55.403,77.798,24.744,74
-56.458,79.166,26.098,74
-42.001,72.032,18.959,109
-41.159,70.880,19.494,109
-41.035,69.845,18.805,109
-40.617,71.010,20.612,109
-51.583,65.333,16.506,121
-52.039,65.277,17.944,121
-53.265,65.247,18.178,121
-51.168,65.278,18.841,121
-53.011,76.089,14.059,126
-54.401,75.573,13.708,126
-55.239,75.395,14.616,126
-54.658,75.352,12.504,126
-62.280,85.348,23.439,132
-61.704,86.749,23.330,132
-61.080,87.218,24.306,132
-61.865,87.376,22.260,132
-71.159,76.009,16.616,141
-71.962,74.734,16.407,141
-72.370,74.105,17.407,141
-72.157,74.342,15.237,141
-57.162,53.942,18.353,165
-57.207,55.060,19.376,165
-56.297,55.915,19.357,165
-58.141,55.077,20.206,165
-56.845,50.971,13.652,166
-58.137,50.319,14.106,166
-58.350,50.217,15.331,166
-58.943,49.912,13.243,166
-29.074,39.412,21.203,184
-30.182,38.385,21.353,184
-30.836,38.373,22.417,184
-30.395,37.590,20.412,184
-27.083,44.680,20.750,185
-25.925,45.656,20.741,185
-24.898,45.377,21.395,185
-26.033,46.694,20.051,185
-67.152,61.927,22.940,202
-66.533,63.290,22.957,202
-65.835,63.613,23.938,202
-66.612,63.973,21.918,202
-72.221,42.417,20.971,212
-73.196,42.654,19.832,212
-73.909,43.680,19.860,212
-73.249,41.814,18.907,212
-73.179,43.099,29.944,216
-72.453,43.229,31.273,216
-72.283,44.364,31.764,216
-72.021,42.185,31.807,216
-82.723,76.349,38.988,230
-83.591,76.959,37.901,230
-83.108,77.822,37.133,230
-84.779,76.590,37.857,230
-71.921,74.802,41.159,233
-71.275,73.887,40.137,233
-71.760,72.750,39.960,233
-70.272,74.304,39.518,233
-75.248,73.755,22.321,244
-76.276,74.488,21.474,244
-76.720,75.581,21.884,244
-76.646,73.966,20.399,244
-84.820,66.295,23.446,249
-85.789,65.491,24.298,249
-85.736,65.611,25.543,249
-86.598,64.733,23.718,249
-59.319,45.888,27.189,270
-58.780,44.788,28.069,270
-58.189,45.111,29.120,270
-58.937,43.603,27.709,270
-49.357,39.305,22.882,278
-49.009,38.069,22.088,278
-48.593,37.068,22.708,278
-49.126,38.100,20.846,278
-38.667,39.802,32.279,287
-39.507,38.542,32.162,287
-40.747,38.638,32.284,287
-38.927,37.456,31.950,287
-36.007,43.945,30.441,288
-35.213,42.666,30.628,288
-35.009,42.258,31.792,288
-34.811,42.057,29.611,288
-55.255,63.556,29.129,296
-56.510,63.201,28.349,296
-57.116,62.152,28.649,296
-56.890,63.964,27.436,296
-65.682,61.141,30.393,299
-66.801,61.620,29.474,299
-67.827,62.124,29.977,299
-66.667,61.470,28.238,299
-46.674,62.113,40.564,341
-47.299,63.043,41.579,341
-46.742,64.140,41.801,341
-48.353,62.681,42.145,341
-37.645,58.196,40.385,348
-37.062,57.696,41.698,348
-35.874,57.301,41.714,348
-37.784,57.717,42.719,348
-45.040,71.356,39.618,362
-44.588,72.676,39.012,362
-43.429,73.071,39.251,362
-45.400,73.328,38.317,362
-67.591,80.100,41.169,408
-67.724,80.180,39.657,408
-68.565,80.962,39.166,408
-66.975,79.468,38.958,408
-66.043,65.406,53.676,414
-65.423,64.326,54.567,414
-64.736,63.415,54.055,414
-65.628,64.387,55.799,414
-69.757,63.556,50.522,418
-70.841,63.918,49.530,418
-71.550,63.006,49.053,418
-70.990,65.123,49.234,418
-66.737,72.139,57.909,434
-67.098,70.670,57.759,434
-66.278,69.804,58.136,434
-68.211,70.382,57.269,434
-54.026,79.906,54.369,443
-54.718,80.875,55.311,443
-55.382,81.818,54.822,443
-54.580,80.707,56.541,443
-50.784,85.512,41.943,450
-51.044,87.010,41.935,450
-52.220,87.431,41.875,450
-50.053,87.771,41.972,450
-57.257,86.529,35.650,455
-58.431,86.951,34.784,455
-59.229,86.074,34.396,455
-58.561,88.162,34.496,455
-50.172,68.457,10.839,481
-51.401,69.322,10.917,481
-52.069,69.303,11.971,481
-51.705,70.016,9.926,481
-26.932,36.105,3.685,500
-27.377,35.058,2.675,500
-28.418,35.263,2.015,500
-26.684,34.028,2.542,500
-10.717,109.577,43.606,-1
-9.358,109.500,44.282,-1
-9.251,108.843,45.339,-1
-8.398,110.101,43.755,-1
-27.736,106.067,74.755,14
-27.797,104.569,74.922,14
-28.769,104.057,75.517,14
-26.854,103.899,74.458,14
-44.329,118.629,67.230,23
-44.276,119.378,65.921,23
-43.494,118.963,65.042,23
-45.006,120.380,65.768,23
-43.851,122.697,75.492,27
-44.367,122.981,74.093,27
-43.544,123.102,73.158,27
-45.601,123.072,73.926,27
-28.463,89.483,73.556,74
-27.570,88.327,73.155,74
-26.379,88.561,72.860,74
-28.076,87.185,73.103,74
-14.632,94.349,63.862,109
-14.681,95.529,62.896,109
-14.052,96.571,63.173,109
-15.349,95.417,61.849,109
-17.208,100.951,73.429,121
-18.680,100.957,73.087,121
-19.505,100.972,74.015,121
-19.011,100.929,71.884,121
-15.864,90.213,75.829,126
-16.258,90.674,77.224,126
-17.464,90.833,77.502,126
-15.347,90.872,78.056,126
-28.538,80.968,79.316,132
-28.175,79.560,78.891,132
-28.745,79.074,77.891,132
-27.303,78.946,79.543,132
-26.869,90.333,90.485,141
-27.103,91.598,91.292,141
-28.244,92.111,91.280,141
-26.147,92.085,91.933,141
-21.616,112.290,77.374,165
-22.497,111.130,76.966,165
-22.007,110.248,76.231,165
-23.680,111.103,77.366,165
-17.464,115.346,79.413,166
-18.524,115.983,80.289,166
-19.681,116.094,79.831,166
-18.210,116.344,81.443,166
-9.895,126.584,51.593,184
-10.530,127.650,52.460,184
-11.780,127.730,52.466,184
-9.786,128.417,53.113,184
-8.865,121.243,50.114,185
-8.345,120.204,49.142,185
-8.345,120.469,47.922,185
-7.952,119.109,49.606,185
-30.485,104.389,84.186,202
-30.303,102.951,83.749,202
-30.738,102.610,82.628,202
-29.723,102.162,84.525,202
-30.887,124.037,89.334,212
-30.244,123.927,90.701,212
-30.565,122.968,91.436,212
-29.424,124.806,91.042,212
-41.061,123.724,86.619,216
-40.323,122.787,85.633,216
-39.680,121.830,86.085,216
-40.321,123.065,84.416,216
-51.273,89.217,89.862,230
-52.072,90.402,90.353,230
-51.584,91.545,90.227,230
-53.192,90.187,90.862,230
-48.740,91.385,79.355,233
-47.631,92.418,79.371,233
-47.852,93.515,79.932,233
-46.543,92.138,78.822,233
-33.945,92.232,91.375,244
-33.764,91.471,92.680,244
-34.381,90.396,92.837,244
-32.994,91.947,93.546,244
-39.204,99.862,99.049,249
-40.409,100.615,99.553,249
-41.491,100.503,98.932,249
-40.273,101.309,100.583,249
-30.294,120.520,74.947,270
-30.763,121.623,74.026,270
-31.383,121.298,72.991,270
-30.496,122.807,74.323,270
-21.841,126.995,68.570,278
-20.963,128.225,68.639,278
-21.271,129.215,67.945,278
-19.949,128.196,69.363,278
-24.892,126.486,54.574,287
-25.239,127.748,55.345,287
-25.934,127.647,56.378,287
-24.827,128.845,54.911,287
-21.991,122.320,53.097,288
-21.791,123.570,52.270,288
-22.732,123.970,51.551,288
-20.694,124.161,52.345,288
-30.104,102.694,70.403,296
-29.988,102.986,71.886,296
-30.534,104.007,72.346,296
-29.345,102.189,72.596,296
-36.183,105.194,79.104,299
-35.915,104.692,80.515,299
-36.843,104.169,81.169,299
-34.763,104.833,80.976,299
-35.924,104.194,57.481,341
-37.135,103.269,57.516,341
-37.071,102.175,56.916,341
-38.149,103.628,58.152,341
-31.445,108.102,49.735,348
-32.327,108.523,48.571,348
-31.787,108.814,47.482,348
-33.564,108.559,48.743,348
-34.425,95.022,56.691,362
-33.682,93.698,56.605,362
-33.370,93.259,55.476,362
-33.408,93.098,57.669,362
-46.562,86.165,75.444,408
-45.320,86.082,76.303,408
-45.286,85.241,77.225,408
-44.386,86.877,76.067,408
-56.773,100.822,68.132,414
-57.284,101.923,67.207,414
-56.521,102.858,66.877,414
-58.475,101.862,66.828,414
-55.777,102.560,72.910,418
-55.423,102.194,74.330,418
-55.386,103.104,75.189,418
-55.194,100.991,74.587,418
-60.730,94.157,66.826,434
-60.740,95.630,67.195,434
-60.695,96.479,66.277,434
-60.788,95.940,68.404,434
-51.746,86.591,57.169,443
-52.969,85.697,57.321,443
-52.914,84.728,58.115,443
-53.982,85.955,56.631,443
-39.101,80.763,60.288,450
-39.256,79.272,60.542,450
-39.786,78.877,61.603,450
-38.832,78.487,59.668,450
-36.717,79.664,69.178,455
-36.438,79.206,70.611,455
-36.462,80.037,71.540,455
-36.184,78.001,70.809,455
-11.627,97.810,74.885,481
-12.290,96.911,75.905,481
-13.537,96.914,75.986,481
-11.566,96.200,76.628,481
5.821,130.178,58.482,500
6.474,131.172,59.428,500
7.610,130.910,59.879,500
5.845,132.209,59.730,500
-26.025,91.031,8.776,14
-25.980,90.438,10.168,14
-24.929,90.557,10.836,14
-26.995,89.844,10.591,14
-26.140,112.850,5.621,23
-27.330,113.559,5.017,23
-28.435,112.976,5.020,23
-27.160,114.704,4.547,23
-18.015,111.375,0.923,27
-19.080,112.452,0.998,27
-20.242,112.167,0.639,27
-18.751,113.591,1.395,27
-28.251,84.579,23.965,74
-29.036,83.428,24.576,74
-29.665,82.660,23.820,74
-29.032,83.296,25.817,74
-41.833,79.061,14.543,109
-42.645,79.979,13.644,109
-42.599,79.820,12.407,109
-43.347,80.858,14.179,109
-31.467,80.583,8.735,121
-31.140,81.911,9.398,121
-29.946,82.154,9.675,121
-32.071,82.713,9.628,121
-30.347,73.761,17.426,126
-28.910,73.910,16.943,126
-28.269,74.936,17.256,126
-28.425,72.999,16.235,126
-23.829,78.804,30.998,132
-24.574,78.043,32.090,132
-25.385,78.665,32.810,132
-24.353,76.819,32.223,132
-13.033,77.469,21.351,141
-12.045,77.929,20.292,141
-12.156,79.087,19.825,141
-11.158,77.130,19.924,141
-25.291,87.786,0.092,165
-25.434,88.156,1.550,165
-26.377,87.650,2.196,165
-24.607,88.948,2.049,165
-24.756,84.992,-4.676,166
-23.514,85.841,-4.917,166
-23.480,87.002,-4.459,166
-22.567,85.347,-5.563,166
-52.067,94.582,-15.337,184
-50.945,95.266,-16.101,184
-50.454,96.319,-15.636,184
-50.550,94.746,-17.166,184
-54.384,91.756,-11.111,185
-55.579,91.166,-10.401,185
-56.680,91.752,-10.474,185
-55.409,90.097,-9.775,185
-16.433,89.148,10.407,202
-17.014,88.482,11.633,202
-17.922,89.074,12.257,202
-16.570,87.360,11.962,202
-9.893,96.504,-7.243,212
-8.848,95.425,-7.482,212
-8.171,95.015,-6.514,212
-8.715,94.977,-8.641,212
-4.511,104.070,-0.808,216
-3.380,103.178,-0.293,216
-3.444,102.785,0.895,216
-2.449,102.862,-1.061,216
-4.697,98.069,32.387,230
-3.860,96.812,32.486,230
-4.379,95.811,33.024,230
-2.697,96.815,32.032,230
-15.311,100.003,30.363,233
-15.652,99.470,28.986,233
-15.026,99.915,28.001,233
-16.549,98.607,28.891,233
-9.526,83.967,22.160,244
-8.414,83.012,22.595,244
-8.070,82.986,23.797,244
-7.886,82.286,21.725,244
0.222,89.010,16.850,249
1.112,90.222,16.622,249
0.865,91.271,17.253,249
2.049,90.133,15.799,249
-23.654,99.432,-3.078,270
-24.210,100.662,-3.760,270
-24.907,101.451,-3.088,270
-23.968,100.824,-4.976,270
-32.123,97.565,-11.925,278
-32.174,97.334,-13.422,278
-32.583,98.260,-14.154,278
-31.793,96.231,-13.869,278
-44.107,105.053,-8.796,287
-43.117,105.650,-9.781,287
-41.935,105.813,-9.405,287
-43.513,105.951,-10.929,287
-46.951,101.300,-6.219,288
-47.698,101.938,-7.367,288
-47.978,103.153,-7.299,288
-48.032,101.208,-8.326,288
-29.452,93.032,13.085,296
-28.076,92.582,12.636,296
-27.372,93.378,11.975,296
-27.702,91.429,12.936,296
-19.026,95.993,12.708,299
-17.831,95.077,12.857,299
-16.692,95.582,12.946,299
-18.028,93.846,12.881,299
-39.176,103.040,15.632,341
-38.792,103.599,16.991,341
-39.479,103.281,17.985,341
-37.801,104.353,17.067,341
-47.956,103.729,10.913,348
-48.761,105.023,11.044,348
-49.936,105.052,10.615,348
-48.221,106.009,11.588,348
-41.390,98.044,23.340,362
-41.905,96.917,24.212,362
-43.128,96.886,24.472,362
-41.086,96.077,24.653,362
-20.131,97.366,34.611,408
-19.798,95.987,34.082,408
-18.978,95.284,34.711,408
-20.365,95.601,33.039,408
-22.003,114.946,26.531,414
-22.653,116.161,25.872,414
-23.202,116.048,24.754,414
-22.602,117.249,26.485,414
-17.778,113.304,24.120,418
-16.610,112.341,24.125,418
-15.797,112.378,23.175,418
-16.499,111.553,25.089,418
-22.335,115.867,34.231,434
-21.924,116.461,32.896,434
-22.763,117.140,32.265,434
-20.760,116.260,32.482,434
-35.189,108.423,38.416,443
-34.661,108.922,39.742,443
-34.049,108.116,40.475,443
-34.849,110.119,40.046,443
-37.332,94.371,37.578,450
-37.187,93.750,38.960,450
-36.051,93.605,39.460,450
-38.228,93.401,39.552,450
-30.045,88.677,36.478,455
-28.826,87.765,36.571,455
-27.946,87.854,35.685,455
-28.734,86.974,37.539,455
-32.328,74.178,8.933,481
-31.220,73.987,9.935,481
-30.737,74.999,10.486,481
-30.837,72.826,10.180,481
-51.757,80.288,-26.024,500
-51.143,79.914,-27.358,500
-50.043,79.325,-27.369,500
-51.766,80.211,-28.399,500
28.770,90.550,78.943,14
28.755,91.561,80.064,14
29.197,91.228,81.185,14
28.298,92.696,79.819,14
48.077,84.253,70.175,23
48.394,84.545,68.719,23
47.753,85.445,68.132,23
49.290,83.870,68.164,23
45.642,75.497,72.914,27
46.559,76.131,71.880,27
46.041,76.799,70.957,27
47.793,75.949,71.981,27
27.880,103.311,89.119,74
27.041,104.543,89.401,74
26.018,104.746,88.715,74
27.418,105.320,90.303,74
18.374,107.927,75.170,109
18.837,107.749,73.727,109
18.274,106.898,73.004,109
19.764,108.474,73.310,109
18.701,96.184,77.996,121
20.188,96.088,78.256,121
20.579,95.328,79.168,121
20.965,96.759,77.540,121
15.373,102.728,86.398,126
15.355,101.401,87.132,126
16.429,100.939,87.576,126
14.252,100.829,87.289,126
25.057,105.930,98.885,132
24.733,107.342,99.343,132
25.559,108.243,99.081,132
23.661,107.558,99.950,132
21.375,91.693,99.974,141
21.507,90.188,99.750,141
22.423,89.764,99.009,141
20.691,89.428,100.317,141
22.735,84.595,74.597,165
23.607,85.581,75.342,165
23.349,86.799,75.232,165
24.547,85.139,76.035,165
18.464,81.678,72.601,166
19.218,80.449,73.099,166
20.469,80.463,73.114,166
18.554,79.465,73.486,166
21.864,92.614,43.779,184
22.344,91.176,43.889,184
23.494,90.955,44.324,184
21.573,90.267,43.514,184
20.304,97.670,45.767,185
19.931,99.118,45.495,185
20.378,99.676,44.469,185
19.195,99.704,46.317,185
28.315,84.936,87.055,202
28.079,86.258,87.735,202
28.718,87.255,87.340,202
27.279,86.290,88.693,202
29.686,67.165,77.719,212
28.715,66.418,78.612,212
28.746,66.632,79.843,212
27.928,65.605,78.082,212
39.490,65.365,81.215,216
38.665,64.124,81.537,216
38.301,63.951,82.722,216
38.386,63.320,80.621,216
44.946,89.714,106.998,230
43.935,89.416,108.077,230
43.110,90.304,108.386,230
43.974,88.292,108.618,230
45.391,95.615,97.790,233
44.384,95.107,96.784,233
44.462,93.915,96.418,233
43.524,95.898,96.348,233
28.002,88.773,100.888,244
27.302,88.517,102.205,244
27.700,89.129,103.221,244
26.336,87.723,102.217,244
31.742,77.565,103.093,249
32.925,76.641,103.330,249
34.078,77.127,103.305,249
32.700,75.428,103.541,249
32.777,79.211,70.096,270
33.640,78.972,68.873,270
34.519,79.818,68.590,270
33.446,77.936,68.200,270
27.438,79.792,58.985,278
26.663,78.929,58.008,278
27.229,78.573,56.952,278
25.482,78.620,58.290,278
34.582,89.211,50.447,287
34.890,87.733,50.215,287
35.283,87.035,51.178,287
34.755,87.273,49.058,287
31.673,93.564,51.466,288
31.796,93.227,50.005,288
32.922,93.308,49.471,288
30.762,92.878,49.393,288
31.804,95.343,78.770,296
31.338,94.134,79.563,296
31.880,93.032,79.353,296
30.424,94.286,80.400,296
35.256,87.064,84.875,299
34.513,86.504,86.094,299
35.124,86.340,87.172,299
33.301,86.230,85.973,299
41.467,102.259,70.701,341
42.502,102.760,71.691,341
42.512,103.974,71.990,341
43.305,101.935,72.172,341
40.012,104.934,61.345,348
41.245,105.175,60.493,348
41.109,105.671,59.356,348
42.358,104.883,60.975,348
39.312,109.861,75.637,362
38.530,111.032,76.193,362
38.529,112.102,75.546,362
37.919,110.881,77.275,362
44.143,102.372,98.033,408
42.699,101.996,98.279,408
42.279,101.945,99.457,408
41.984,101.750,97.286,408
57.523,95.007,86.395,414
58.405,94.797,85.168,414
57.892,94.452,84.082,414
59.634,94.984,85.300,414
55.403,90.723,88.213,418
54.588,90.116,89.340,418
54.367,88.887,89.329,418
54.164,90.872,90.243,418
61.230,100.283,90.663,434
61.243,98.929,89.970,434
61.552,98.866,88.760,434
60.928,97.925,90.644,434
54.471,113.571,86.892,443
55.488,114.028,87.917,443
55.116,114.214,89.097,443
56.665,114.207,87.536,443
40.947,117.226,89.034,450
40.830,118.201,90.196,450
40.922,117.781,91.369,450
40.646,119.407,89.926,450
35.833,112.363,95.063,455
35.102,111.758,96.245,455
34.969,110.516,96.301,455
34.649,112.532,97.116,455
12.380,98.357,79.457,481
12.550,98.257,80.954,481
13.692,98.043,81.410,481
11.541,98.397,81.675,481
4.652,87.376,41.436,500
3.866,86.079,41.318,500
4.278,85.080,41.948,500
2.838,86.056,40.608,500
3.305,129.752,76.687,14
4.736,129.622,76.189,14
5.210,130.518,75.459,14
5.384,128.610,76.524,14
-2.086,144.863,91.169,23
-2.582,144.560,92.561,23
-2.424,143.406,93.004,23
-3.135,145.473,93.211,23
-8.073,148.324,84.451,27
-7.841,148.463,85.938,27
-7.936,147.437,86.645,27
-7.548,149.588,86.397,27
19.105,127.121,73.175,74
20.058,125.964,72.950,74
19.595,124.807,72.925,74
21.279,126.209,72.818,74
13.258,112.148,80.105,109
12.411,112.094,81.373,109
11.201,111.788,81.282,109
12.961,112.333,82.470,109
5.414,118.682,73.821,121
5.836,120.012,74.417,121
5.851,121.019,73.679,121
6.131,120.054,75.631,121
14.610,116.104,68.125,126
13.898,116.973,67.105,126
13.976,118.217,67.198,126
13.253,116.403,66.199,126
25.855,127.441,65.141,132
27.211,126.777,64.973,132
28.027,126.841,65.917,132
27.474,126.222,63.884,132
14.500,130.809,57.180,141
13.144,131.440,56.892,141
12.169,130.688,56.670,141
13.050,132.688,56.883,141
-5.040,126.102,74.572,165
-3.641,126.633,74.857,165
-2.750,125.825,75.198,165
-3.434,127.862,74.755,165
-9.401,123.231,72.630,166
-10.014,124.563,72.237,166
-9.768,125.570,72.937,166
-10.745,124.601,71.221,166
-15.516,110.409,100.149,184
-16.495,111.550,99.886,184
-16.144,112.713,100.176,184
-17.622,111.289,99.414,184
-10.627,107.550,99.570,185
-9.759,106.394,100.067,185
-9.837,106.036,101.270,185
-9.026,105.809,99.247,185
3.126,134.808,68.115,202
4.474,134.193,67.947,202
5.247,134.152,68.931,202
4.727,133.706,66.824,202
-16.053,140.549,69.285,212
-16.344,140.299,67.810,212
-15.470,140.594,66.965,212
-17.454,139.817,67.497,212
-13.744,150.524,72.529,216
-13.937,149.728,73.814,216
-13.497,148.553,73.867,216
-14.515,150.274,74.775,216
21.796,153.897,63.821,230
20.818,155.057,63.914,230
19.971,155.085,64.827,230
20.901,155.955,63.047,230
21.231,148.072,73.199,233
20.016,147.159,73.234,233
18.880,147.657,73.091,233
20.198,145.941,73.424,233
13.883,137.889,58.865,244
14.243,137.966,57.393,244
15.392,138.347,57.075,244
13.371,137.651,56.554,244
6.635,146.570,55.194,249
6.160,148.011,55.262,249
7.020,148.916,55.334,249
4.930,148.240,55.223,249
-9.732,135.029,81.284,270
-10.451,135.386,82.563,270
-9.762,135.575,83.587,270
-11.700,135.479,82.547,270
-16.516,126.256,87.006,278
-17.913,125.685,87.054,278
-18.638,126.014,88.016,278
-18.276,124.884,86.162,278
-12.047,124.823,100.803,287
-13.301,125.650,100.547,287
-13.242,126.594,99.728,287
-14.343,125.365,101.175,287
-8.569,120.824,100.167,288
-9.593,120.589,101.256,288
-9.557,121.314,102.273,288
-10.428,119.672,101.099,288
7.817,130.121,80.219,296
7.179,130.589,78.924,296
6.283,131.456,78.970,296
7.585,130.095,77.855,296
5.162,138.849,74.402,299
5.229,138.961,72.890,299
5.788,139.951,72.372,299
4.724,138.044,72.214,299
11.067,131.949,94.109,341
12.249,132.903,94.056,341
13.399,132.457,94.266,341
12.025,134.106,93.804,341
7.906,125.865,101.342,348
7.944,126.415,102.755,348
7.738,125.639,103.714,348
8.198,127.628,102.905,348
19.416,128.460,91.952,362
20.482,127.487,91.495,362
21.034,126.765,92.353,362
20.764,127.442,90.276,362
26.496,144.027,74.995,408
26.011,143.087,73.914,408
26.522,143.164,72.776,408
25.107,142.277,74.205,408
16.790,153.968,88.272,414
16.089,154.341,89.579,414
15.105,153.676,89.971,414
16.529,155.318,90.222,414
13.954,154.740,84.175,418
13.939,154.727,82.656,418
12.889,155.050,82.058,418
14.991,154.401,82.060,418
24.010,156.163,89.066,434
22.524,156.480,89.095,434
21.867,156.174,90.114,434
22.015,157.035,88.096,434
31.618,143.382,93.306,443
32.763,144.376,93.241,443
33.516,144.353,92.240,443
32.908,145.181,94.188,443
33.128,131.344,85.436,450
34.513,131.268,84.810,450
34.787,131.999,83.834,450
35.330,130.458,85.299,450
31.432,131.649,76.450,455
31.407,131.792,74.934,455
30.397,132.291,74.394,455
32.394,131.398,74.278,455
6.546,113.314,70.203,481
7.332,114.078,69.158,481
7.667,115.256,69.407,481
7.609,113.506,68.085,481
-24.357,97.989,91.265,500
-25.734,97.842,90.620,500
-25.871,98.115,89.408,500
-26.684,97.448,91.332,500
33.738,157.207,26.525,14
34.740,156.181,27.016,14
35.487,156.479,27.972,14
34.785,155.076,26.432,14
16.593,163.352,39.213,23
15.178,162.984,38.806,23
15.013,162.064,37.974,23
14.230,163.614,39.320,23
20.418,171.880,38.780,27
19.087,171.231,39.121,27
18.476,170.610,38.224,27
18.653,171.342,40.288,27
43.123,144.373,30.637,74
43.763,143.172,29.986,74
43.640,143.019,28.755,74
44.372,142.363,30.713,74
35.738,139.866,15.545,109
34.248,140.058,15.315,109
33.865,140.931,14.505,109
33.454,139.324,15.939,109
37.993,151.546,17.261,121
37.479,151.603,18.691,121
38.065,152.354,19.502,121
36.485,150.911,19.002,121
46.984,145.045,18.390,126
47.632,146.363,18.750,126
47.480,146.814,19.903,126
48.308,146.946,17.876,126
52.865,141.918,33.052,132
53.527,140.562,32.947,132
52.965,139.582,33.479,132
54.610,140.475,32.332,132
55.617,155.904,30.526,141
55.389,157.410,30.522,141
54.272,157.852,30.868,141
56.331,158.154,30.173,141
32.978,163.189,19.187,165
33.187,162.184,20.306,165
33.229,160.967,20.017,165
33.302,162.613,21.475,165
33.314,166.181,14.532,166
33.307,167.401,15.436,166
32.668,167.340,16.510,166
33.937,168.419,15.073,166
6.466,155.516,3.693,184
6.221,156.868,4.322,184
5.718,156.919,5.463,184
6.527,157.883,3.661,184
8.986,150.668,2.780,185
9.045,149.298,2.118,185
7.990,148.649,1.962,185
10.166,148.863,1.763,185
41.253,162.543,30.160,202
41.874,161.163,30.181,202
41.174,160.201,30.568,202
43.063,161.040,29.813,202
32.441,180.536,26.871,212
33.715,181.292,26.529,212
34.746,181.045,27.189,212
33.689,182.128,25.598,212
30.435,181.911,37.282,216
30.644,183.189,36.500,216
31.780,183.687,36.453,216
29.664,183.683,35.885,216
50.189,157.612,54.606,230
51.627,157.914,54.258,230
52.300,157.024,53.696,230
52.083,159.039,54.553,230
41.946,151.851,50.243,233
41.546,152.417,48.895,233
41.171,153.607,48.834,233
41.599,151.670,47.895,233
53.331,158.878,36.460,244
54.827,159.112,36.416,244
55.561,158.366,37.098,244
55.271,160.027,35.687,244
53.292,169.766,41.183,249
52.866,170.663,42.334,249
52.959,170.226,43.503,249
52.439,171.807,42.072,249
24.091,168.565,25.740,270
22.602,168.846,25.865,270
21.896,168.027,26.492,270
22.138,169.876,25.327,270
16.944,167.941,15.656,278
16.473,168.849,14.535,278
15.281,169.229,14.539,278
17.296,169.184,13.653,278
6.120,158.621,17.655,287
5.828,160.100,17.819,287
6.504,160.753,18.644,287
4.920,160.608,17.125,287
8.178,154.181,15.623,288
6.786,154.505,15.115,288
5.827,154.424,15.912,288
6.650,154.834,13.915,288
32.031,152.229,29.076,296
32.963,153.419,29.026,296
32.525,154.531,29.382,296
34.137,153.238,28.638,296
35.643,160.488,35.165,299
37.052,161.065,35.125,299
37.672,161.244,36.194,299
37.542,161.340,34.009,299
20.246,145.385,33.429,341
20.578,144.830,34.800,341
20.817,143.609,34.912,341
20.593,145.616,35.769,341
12.743,142.774,27.593,348
11.401,142.479,28.238,348
10.518,141.914,27.558,348
11.231,142.810,29.429,348
25.509,137.790,33.936,362
26.396,136.666,33.422,362
25.854,135.625,32.990,362
27.638,136.823,33.455,362
42.661,145.099,49.211,408
43.570,145.502,48.072,408
44.801,145.556,48.273,408
43.043,145.777,46.973,408
25.927,152.407,55.188,414
24.426,152.615,55.386,414
23.708,152.978,54.430,414
23.956,152.405,56.524,414
28.429,156.606,54.306,418
29.819,157.187,54.148,418
29.942,158.413,53.940,418
30.796,156.412,54.245,418
27.930,146.861,60.283,434
27.270,148.206,60.020,434
26.052,148.240,59.720,434
27.980,149.232,60.102,434
27.721,133.822,52.338,443
28.141,133.342,53.720,443
29.355,133.135,53.946,443
27.251,133.164,54.579,443
36.504,130.358,41.849,450
37.598,129.420,42.332,450
38.531,129.871,43.028,450
37.533,128.220,41.989,450
44.196,135.216,40.387,455
45.597,135.797,40.352,455
45.741,137.036,40.264,455
46.561,135.004,40.406,455
42.327,149.489,12.444,481
43.536,149.575,13.353,481
43.354,149.789,14.569,481
44.671,149.425,12.851,481
12.974,160.363,-13.102,500
13.220,161.619,-13.918,500
14.308,162.218,-13.776,500
12.332,162.002,-14.708,500
44.320,118.044,3.000,14
43.174,118.139,3.997,14
42.517,117.113,4.280,14
42.929,119.256,4.501,14
59.744,102.988,5.306,23
61.215,103.282,5.515,23
61.554,104.437,5.839,23
62.035,102.354,5.344,23
56.872,99.482,-3.410,27
58.018,99.218,-2.458,27
58.728,100.180,-2.097,27
58.219,98.041,-2.086,27
33.424,120.773,14.992,74
32.816,122.009,15.633,74
33.122,123.129,15.174,74
32.047,121.862,16.606,74
42.428,135.535,13.436,109
43.943,135.602,13.357,109
44.482,135.959,12.287,109
44.600,135.306,14.376,109
40.874,129.113,3.508,121
41.208,127.802,4.195,121
40.597,126.766,3.850,121
42.088,127.812,5.085,121
31.288,131.711,8.731,126
30.726,130.883,7.582,126
30.755,129.633,7.649,126
30.249,131.497,6.601,126
23.219,120.403,16.888,132
22.438,121.126,17.976,132
22.837,121.039,19.157,132
21.423,121.781,17.650,132
21.978,116.951,3.136,141
22.373,116.279,1.833,141
22.896,115.143,1.881,141
22.163,116.887,0.761,141
46.610,121.857,-5.269,165
46.170,121.338,-3.911,165
46.005,122.153,-2.978,165
46.010,120.109,-3.770,165
47.101,124.657,-10.065,166
47.048,123.308,-10.763,166
47.499,122.303,-10.173,166
46.557,123.257,-11.911,166
73.868,137.802,-1.962,184
74.053,136.737,-3.030,184
74.199,135.550,-2.667,184
74.068,137.087,-4.231,184
71.047,140.305,2.207,185
70.952,141.278,3.362,185
71.991,141.570,3.992,185
69.826,141.741,3.648,185
36.990,113.085,-1.294,202
36.296,113.667,-0.099,202
36.898,113.645,0.995,202
35.161,114.162,-0.255,202
47.386,107.254,-17.504,212
46.256,107.501,-18.487,212
45.087,107.203,-18.154,212
46.539,108.011,-19.590,212
50.227,98.523,-13.305,216
51.141,97.470,-12.686,216
50.696,96.353,-12.353,216
52.342,97.782,-12.524,216
24.223,93.991,12.435,230
23.944,93.189,13.693,230
23.289,93.731,14.610,230
24.367,92.014,13.760,230
32.441,99.578,16.968,233
33.153,100.433,15.944,233
33.658,99.875,14.946,233
33.205,101.666,16.136,233
23.739,110.071,3.356,244
22.304,110.065,2.857,244
21.396,109.717,3.641,244
22.090,110.404,1.672,244
24.114,100.992,-4.777,249
24.458,99.565,-5.169,249
24.907,98.795,-4.292,249
24.291,99.217,-6.359,249
54.852,112.866,-6.214,270
56.333,112.541,-6.250,270
56.918,112.321,-5.170,270
56.917,112.513,-7.356,270
63.119,121.621,-9.260,278
63.822,122.176,-10.480,278
65.030,121.897,-10.646,278
63.175,122.909,-11.261,278
72.879,123.216,1.388,287
73.294,122.420,0.167,287
72.599,121.437,-0.171,287
74.316,122.780,-0.454,287
70.601,127.166,3.990,288
72.046,127.384,3.574,288
72.936,126.695,4.116,288
72.291,128.239,2.695,288
45.340,117.716,8.577,296
44.577,117.256,7.346,296
45.104,116.395,6.608,296
43.454,117.758,7.115,296
41.478,109.110,3.450,299
40.116,108.973,2.780,299
39.430,107.954,2.999,299
39.730,109.887,2.026,299
55.779,115.866,18.122,341
55.176,114.878,19.103,341
54.802,115.293,20.219,341
55.075,113.683,18.756,341
63.673,121.902,19.047,348
64.876,121.355,19.797,348
65.795,122.138,20.111,348
64.898,120.136,20.078,348
49.732,119.267,24.464,362
48.790,120.255,25.119,362
49.242,121.003,26.016,362
47.598,120.280,24.737,362
31.542,103.763,22.324,408
30.795,104.711,21.409,408
29.549,104.626,21.339,408
31.463,105.539,20.755,408
48.032,93.838,20.168,414
49.525,93.483,20.170,414
50.337,94.174,19.513,414
49.888,92.489,20.834,414
45.874,92.918,15.727,418
44.569,92.926,14.947,418
44.592,92.625,13.735,418
43.515,93.234,15.548,418
45.220,91.473,27.068,434
46.004,91.241,25.785,434
47.195,91.616,25.728,434
45.422,90.695,24.825,434
44.957,104.470,35.634,443
44.379,103.452,36.592,443
43.138,103.411,36.748,443
45.172,102.698,37.196,443
37.341,116.320,33.164,450
36.143,116.454,34.084,450
35.138,115.759,33.873,450
36.212,117.270,35.027,450
30.217,116.051,27.141,455
28.909,115.962,26.371,455
28.934,115.520,25.203,455
27.853,116.317,26.936,455
37.114,134.538,2.708,481
35.783,133.830,2.889,481
35.783,132.653,3.310,481
34.736,134.450,2.604,481
70.648,149.768,-13.999,500
70.789,149.893,-15.505,500
69.792,149.651,-16.220,500
71.900,150.220,-15.977,500
1.664,75.236,54.673,14
0.463,75.813,53.946,14
0.372,75.648,52.708,14
-0.381,76.447,54.617,14
4.375,53.413,56.314,23
4.288,52.705,57.644,23
3.719,53.293,58.589,23
4.766,51.555,57.744,23
12.299,54.777,51.472,27
11.651,53.678,52.300,27
11.394,53.907,53.502,27
11.408,52.582,51.746,27
-12.657,81.676,49.334,74
-13.579,82.810,49.733,74
-13.237,83.572,50.662,74
-14.663,82.926,49.123,74
-10.892,87.272,65.857,109
-10.485,86.380,67.022,109
-9.366,86.539,67.555,109
-11.294,85.520,67.421,109
-0.822,85.589,59.542,121
-1.227,84.269,58.925,121
-0.853,84.035,57.756,121
-1.905,83.468,59.609,121
-8.006,92.509,54.564,126
-6.938,92.487,53.478,126
-6.875,91.513,52.693,126
-6.170,93.471,53.397,126
-15.810,87.251,41.364,132
-14.719,88.171,41.879,132
-14.718,88.492,43.086,132
-13.862,88.578,41.065,132
-2.773,88.827,37.276,141
-1.334,88.367,37.099,141
-1.122,87.163,36.844,141
-0.415,89.205,37.225,141
9.733,78.472,58.322,165
8.395,78.065,57.750,165
7.362,78.541,58.268,165
8.376,77.268,56.789,165
14.134,81.261,60.196,166
14.932,80.443,59.194,166
14.549,79.284,58.920,166
15.934,80.970,58.668,166
9.840,71.237,89.038,184
10.960,70.432,88.398,184
10.714,69.294,87.943,184
12.103,70.935,88.371,184
5.144,74.284,89.087,185
3.996,74.964,89.800,185
3.571,74.470,90.863,185
3.532,76.011,89.301,185
5.001,77.140,45.516,202
3.643,77.794,45.421,202
2.670,77.212,45.945,202
3.545,78.881,44.811,202
23.460,69.726,48.319,212
24.196,70.821,47.564,212
23.691,71.280,46.515,212
25.285,71.225,48.028,212
21.417,60.531,43.911,216
21.078,60.507,45.421,216
20.100,61.167,45.846,216
21.782,59.821,46.191,216
-8.533,67.440,24.778,230
-7.271,66.570,24.754,230
-6.774,66.210,25.835,230
-6.793,66.217,23.653,230
-12.319,66.300,35.089,233
-11.290,66.847,36.054,233
-10.130,66.385,36.001,233
-11.632,67.750,36.847,233
-2.249,82.400,33.835,244
-2.168,83.343,32.646,244
-3.061,83.283,31.773,244
-1.245,84.185,32.615,244
7.271,77.234,27.788,249
7.901,76.061,27.060,249
7.251,74.995,26.965,249
9.044,76.209,26.576,249
13.165,66.773,58.454,270
13.513,65.580,59.313,270
12.591,64.814,59.654,270
14.705,65.420,59.661,270
16.754,68.620,70.123,278
18.016,68.839,70.938,278
18.458,67.891,71.623,278
18.556,69.965,70.909,278
8.233,61.126,79.087,287
9.597,60.546,78.755,287
9.897,60.354,77.554,287
10.377,60.294,79.695,287
4.624,64.861,80.236,288
5.214,64.177,81.449,288
4.960,62.968,81.632,288
5.918,64.854,82.230,288
-3.666,73.293,55.598,296
-2.599,73.733,54.611,296
-1.665,72.950,54.338,296
-2.691,74.871,54.111,296
1.650,70.300,46.636,299
2.112,71.232,45.517,299
1.854,70.936,44.329,299
2.752,72.261,45.828,299
-10.578,63.270,62.869,341
-11.532,62.702,61.828,341
-12.747,62.996,61.882,341
-11.059,61.968,60.938,341
-10.739,62.491,72.741,348
-11.251,61.194,73.339,348
-11.446,61.142,74.569,348
-11.491,60.236,72.574,348
-18.433,68.300,61.037,362
-19.509,69.376,61.040,362
-20.383,69.336,61.934,362
-19.490,70.251,60.141,362
-18.303,68.854,37.161,408
-17.686,70.234,37.128,408
-17.901,70.965,36.138,408
-16.981,70.585,38.096,408
-11.988,51.448,42.721,414
-11.711,50.247,43.619,414
-10.968,50.373,44.617,414
-12.247,49.158,43.313,414
-7.889,53.155,40.062,418
-7.336,54.084,39.009,418
-6.124,54.004,38.714,418
-8.122,54.889,38.467,418
-19.043,50.395,39.321,434
-17.659,49.851,39.620,434
-17.481,49.217,40.682,434
-16.752,50.040,38.783,434
-28.684,57.992,48.640,443
-29.581,57.430,47.556,443
-29.932,58.172,46.613,443
-29.932,56.237,47.646,443
-28.716,71.929,51.367,450
-29.930,72.613,50.752,450
-29.986,72.797,49.527,450
-30.826,72.981,51.542,450
-24.564,77.563,45.037,455
-24.103,78.450,43.899,455
-22.916,78.367,43.518,455
-24.931,79.226,43.374,455
-1.415,92.174,60.344,481
-1.741,92.395,58.888,481
-1.960,91.396,58.173,481
-1.786,93.567,58.456,481
19.583,85.779,94.472,500
21.033,86.175,94.670,500
21.610,86.818,93.769,500
21.599,85.835,95.732,500
