-6.662,72.257,53.335,48
-5.502,72.501,54.284,48
-4.641,71.607,54.326,48
-5.461,73.548,54.996,48
-7.313,62.806,55.793,51
-7.977,61.768,56.679,51
-7.290,61.212,57.565,51
-9.172,61.486,56.459,51
-5.690,52.322,61.132,60
-5.546,53.448,62.119,60
-4.408,53.955,62.257,60
-6.552,53.773,62.791,60
-11.918,45.857,44.539,90
-13.153,46.397,43.867,90
-13.949,47.056,44.563,90
-13.271,46.228,42.626,90
-10.375,48.077,37.752,96
-11.117,47.241,36.724,96
-10.463,46.770,35.775,96
-12.357,47.112,36.814,96
-14.934,55.769,35.202,101
-16.307,55.351,35.723,101
-17.345,55.791,35.184,101
-16.380,54.510,36.651,101
1.478,59.620,15.189,124
1.163,61.097,15.322,124
1.050,61.784,14.285,124
0.936,61.540,16.451,124
-15.615,66.359,23.438,150
-16.615,66.847,22.425,150
-17.175,66.009,21.680,150
-16.827,68.076,22.367,150
-14.521,60.312,18.332,152
-14.457,60.858,16.919,152
-13.358,61.215,16.447,152
-15.515,60.868,16.254,152
2.872,51.277,26.677,157
4.184,52.036,26.706,157
4.440,52.775,25.737,157
4.954,51.880,27.675,157
0.519,42.375,37.868,164
0.624,40.861,38.050,164
-0.388,40.217,38.408,164
1.740,40.320,37.852,164
-8.336,37.675,30.114,203
-8.933,36.306,29.835,203
-10.170,36.143,29.980,203
-8.161,35.389,29.476,203
13.644,47.689,-3.878,245
12.713,48.725,-4.464,245
12.484,49.764,-3.797,245
12.184,48.480,-5.565,245
-2.805,41.924,-1.324,253
-2.614,41.349,-2.689,253
-1.846,41.900,-3.498,253
-3.241,40.309,-2.950,253
6.876,55.168,0.094,260
6.703,56.353,-0.832,260
6.504,57.458,-0.294,260
6.779,56.212,-2.088,260
16.355,59.319,16.281,304
16.385,60.383,17.385,304
16.742,60.085,18.537,304
16.114,61.548,17.066,304
22.959,59.311,6.142,308
21.813,58.403,5.764,308
20.731,58.549,6.370,308
21.978,57.551,4.869,308
19.338,39.743,21.589,327
18.637,38.449,21.965,327
18.299,37.680,21.034,327
18.383,38.253,23.173,327
39.720,38.276,18.271,382
39.616,37.290,17.103,382
38.716,37.460,16.239,382
40.424,36.336,17.060,382
38.661,49.865,20.374,385
40.165,49.894,20.368,385
40.785,49.588,21.416,385
40.710,50.240,19.314,385
35.202,55.589,32.900,388
35.747,56.657,33.816,388
36.985,56.842,33.861,388
34.923,57.355,34.442,388
33.382,62.282,24.653,391
33.257,63.714,25.121,391
32.493,63.976,26.072,391
33.918,64.577,24.514,391
14.744,60.066,27.291,423
14.208,59.291,28.486,423
15.016,58.928,29.370,423
12.982,59.057,28.540,423
26.877,62.845,25.755,428
27.274,64.304,25.949,428
26.377,65.172,25.941,428
28.489,64.594,26.052,428
32.071,67.818,18.451,435
32.102,69.261,17.989,435
31.197,70.043,18.358,435
33.045,69.625,17.254,435
