-46.137,77.819,21.215,78
-45.252,78.939,20.715,78
-45.550,80.113,21.020,78
-44.253,78.639,20.023,78
-34.542,59.944,18.456,115
-33.467,58.989,18.946,115
-33.244,58.922,20.175,115
-32.855,58.295,18.106,115
-38.015,57.959,15.389,116
-37.975,56.530,14.870,116
-38.870,56.159,14.081,116
-37.062,55.771,15.266,116
-68.044,83.401,22.796,138
-67.294,84.129,21.691,138
-67.905,84.971,20.999,138
-66.082,83.868,21.526,138
-68.280,47.720,11.197,157
-68.311,47.240,12.631,157
-67.330,46.613,13.083,157
-69.329,47.485,13.307,157
-57.925,56.018,10.043,163
-58.197,57.069,8.984,163
-59.309,57.641,8.981,163
-57.296,57.325,8.156,163
-51.719,54.492,11.583,167
-51.840,55.686,10.662,167
-52.255,56.765,11.140,167
-51.532,55.537,9.458,167
-31.634,47.364,18.271,182
-32.113,48.788,18.480,182
-31.985,49.298,19.613,182
-32.610,49.401,17.511,182
-24.655,44.080,27.497,186
-23.514,43.399,28.238,186
-22.731,42.656,27.603,186
-23.412,43.598,29.469,186
-76.509,42.547,24.453,215
-76.943,41.249,23.792,215
-78.098,40.820,24.001,215
-76.120,40.657,23.056,215
-77.528,45.617,35.578,218
-77.302,44.547,36.634,218
-77.741,44.753,37.785,218
-76.689,43.503,36.319,218
-73.117,55.680,40.505,223
-71.796,55.481,41.226,223
-71.051,56.469,41.403,223
-71.503,54.331,41.615,223
-81.072,72.641,43.107,231
-80.243,73.419,44.148,231
-79.023,73.155,44.288,231
-80.826,74.297,44.826,231
-82.751,56.097,30.499,252
-83.556,55.448,31.621,252
-84.802,55.392,31.529,252
-82.930,54.963,32.590,252
-82.489,54.021,24.310,253
-82.440,52.839,25.263,253
-83.131,52.876,26.305,253
-81.710,51.868,24.965,253
-58.775,42.918,21.250,271
-59.389,43.041,19.872,271
-58.801,43.755,19.029,271
-60.450,42.428,19.629,271
-53.481,43.127,19.926,275
-54.111,43.991,18.840,275
-53.629,45.124,18.609,275
-55.092,43.527,18.214,275
-72.501,61.427,38.290,303
-71.264,60.938,39.022,303
-70.396,60.318,38.373,303
-71.158,61.173,40.245,303
-64.964,62.517,42.834,314
-63.542,62.275,43.309,314
-62.676,63.146,43.077,314
-63.294,61.213,43.921,314
-29.346,67.696,42.530,355
-30.250,68.420,43.511,355
-30.925,67.749,44.324,355
-30.297,69.671,43.463,355
-29.156,65.959,36.805,356
-28.424,65.008,35.886,356
-28.985,63.936,35.585,356
-27.295,65.331,35.459,356
-47.933,59.123,54.336,374
-48.570,59.362,55.689,374
-48.169,58.697,56.669,374
-49.479,60.218,55.768,374
-45.327,66.825,48.226,377
-44.451,65.725,48.790,377
-44.967,64.619,49.056,377
-43.239,65.971,48.968,377
-53.802,75.227,38.030,382
-52.465,75.715,37.521,382
-52.262,75.698,36.289,382
-51.616,76.109,38.350,382
-64.008,75.031,26.354,386
-62.752,74.521,25.667,386
-61.750,75.266,25.622,386
-62.772,73.374,25.167,386
-53.880,67.463,51.961,397
-53.097,68.628,52.537,397
-53.675,69.729,52.674,397
-51.903,68.438,52.855,397
-64.422,79.666,47.902,410
-63.818,80.150,49.206,410
-64.577,80.643,50.065,410
-62.587,80.034,49.373,410
-62.627,59.475,53.707,416
-61.827,59.416,54.995,416
-62.433,59.558,56.081,416
-60.593,59.223,54.923,416
-67.768,65.611,45.056,421
-66.920,65.736,43.807,421
-67.378,65.324,42.717,421
-65.787,66.243,43.921,421
-74.034,76.935,50.346,427
-74.827,76.519,49.121,427
-74.205,76.216,48.080,427
-76.074,76.487,49.199,427
-56.235,89.591,41.063,452
-56.121,90.982,41.658,452
-55.090,91.648,41.416,452
-57.064,91.415,42.355,452
-50.356,89.178,27.527,460
-49.523,88.412,26.509,460
-49.369,87.180,26.660,460
-49.014,89.051,25.561,460
-57.878,86.936,13.339,470
-58.271,88.199,14.081,470
-58.049,89.305,13.541,470
-58.806,88.085,15.205,470
-32.274,55.001,4.301,490
-30.903,54.588,3.778,490
-30.372,53.551,4.230,490
-30.358,55.301,2.908,490
-32.958,37.734,4.440,503
-34.444,38.049,4.420,503
-35.097,37.960,5.482,503
-34.963,38.373,3.332,503
-28.307,36.917,11.102,504
-28.985,35.679,11.674,504
-29.690,34.968,10.924,504
-28.808,35.414,12.884,504
-34.020,30.156,18.758,512
-34.835,30.784,19.875,512
-36.080,30.749,19.792,512
-34.232,31.305,20.840,512
-18.856,88.435,66.414,78
-18.009,87.296,65.889,78
-18.446,86.130,65.993,78
-16.905,87.570,65.373,78
-10.781,106.318,57.600,115
-10.674,107.266,56.419,115
-11.639,107.345,55.629,115
-9.630,107.935,56.283,115
-9.748,108.322,62.097,116
-9.281,109.749,62.328,116
-8.980,110.100,63.490,116
-9.248,110.531,61.354,116
-30.732,82.936,84.575,138
-29.364,82.295,84.385,138
-28.947,81.484,85.240,138
-28.700,82.619,83.376,138
-20.749,118.548,90.688,157
-22.020,119.020,90.012,157
-21.928,119.668,88.946,157
-23.113,118.749,90.558,157
-14.787,110.278,82.133,163
-13.981,109.251,82.910,163
-14.518,108.700,83.893,163
-12.810,109.000,82.544,163
-13.046,111.848,76.078,167
-12.331,110.649,76.670,167
-12.959,109.571,76.783,167
-11.143,110.793,77.034,167
-9.007,118.793,55.312,182
-9.423,117.363,55.625,182
-10.321,116.835,54.935,182
-8.847,116.764,56.560,182
-10.957,123.180,44.890,186
-11.251,124.073,43.686,186
-12.442,124.370,43.445,186
-10.294,124.509,43.006,186
-37.768,123.614,91.783,215
-36.990,124.713,92.502,215
-36.077,125.288,91.875,215
-37.300,125.025,93.675,215
-46.636,120.281,86.918,218
-47.366,121.436,86.258,218
-48.127,121.190,85.298,218
-47.177,122.591,86.694,218
-48.742,110.489,80.707,223
-48.733,110.755,79.219,223
-48.516,109.805,78.438,223
-48.940,111.922,78.827,223
-53.804,92.951,88.353,231
-54.413,94.174,88.971,231
-54.459,95.234,88.312,231
-54.784,94.078,90.153,231
-44.663,110.280,94.220,252
-45.995,110.965,94.487,252
-46.448,110.963,95.651,252
-46.579,111.523,93.529,252
-39.036,112.261,96.745,253
-39.923,113.435,96.348,253
-41.159,113.355,96.542,253
-39.385,114.445,95.845,253
-24.794,123.394,77.446,271
-23.916,123.245,78.683,271
-22.920,122.482,78.624,271
-24.213,123.899,79.708,271
-21.146,122.944,73.503,275
-20.487,122.035,74.538,275
-20.030,120.928,74.174,275
-20.438,122.429,75.724,275
-46.401,104.726,80.984,303
-46.378,105.097,79.508,303
-45.370,105.660,79.040,303
-47.366,104.811,78.807,303
-46.716,103.745,72.269,314
-46.450,103.910,70.781,314
-45.847,102.998,70.179,314
-46.850,104.951,70.214,314
-30.749,99.532,41.610,355
-31.746,98.503,42.116,355
-31.509,97.296,41.889,355
-32.759,98.890,42.738,355
-24.310,100.414,44.074,356
-23.247,101.450,43.779,356
-23.339,102.567,44.334,356
-22.322,101.147,42.993,356
-48.617,106.757,51.160,374
-49.951,106.284,50.617,374
-50.076,106.148,49.378,374
-50.869,106.039,51.428,374
-42.152,99.673,52.520,377
-42.257,100.853,51.567,377
-42.715,101.938,51.992,377
-41.887,100.694,50.385,377
-37.255,91.066,64.951,382
-36.183,90.577,63.996,382
-34.997,90.576,64.388,382
-36.527,90.184,62.859,382
-31.899,91.313,79.531,386
-30.731,91.805,78.692,386
-30.237,91.036,77.839,386
-30.312,92.967,78.886,386
-49.524,98.954,58.366,397
-49.701,97.817,57.382,397
-50.118,96.718,57.806,397
-49.436,98.029,56.179,397
-50.818,86.722,69.325,410
-51.678,86.240,68.178,410
-52.776,85.714,68.449,410
-51.265,86.389,67.008,410
-55.016,106.703,65.209,416
-55.675,106.762,63.843,416
-56.917,106.621,63.769,416
-54.948,106.945,62.842,416
-50.031,100.779,73.697,421
-48.530,100.728,73.523,421
-47.796,101.142,74.452,421
-48.090,100.277,72.450,421
-57.398,88.984,76.605,427
-56.691,89.342,77.900,427
-55.481,89.651,77.856,427
-57.352,89.337,78.960,427
-41.035,76.575,65.847,452
-42.206,77.019,64.997,452
-42.013,77.841,64.075,452
-43.329,76.534,65.257,452
-26.212,77.253,66.922,460
-24.948,78.071,66.692,460
-25.049,79.302,66.494,460
-23.849,77.479,66.705,460
-17.481,79.234,80.431,470
-18.334,77.974,80.428,470
-17.763,76.863,80.435,470
-19.578,78.099,80.436,470
2.947,111.507,62.351,490
2.301,110.140,62.157,490
1.052,110.049,62.177,490
3.051,109.151,61.991,490
2.390,128.542,63.097,503
1.680,128.272,64.416,503
0.435,128.377,64.479,503
2.378,127.966,65.404,503
-1.164,129.348,55.775,504
-1.979,130.591,56.086,504
-1.662,131.297,57.070,504
-2.939,130.868,55.336,504
-10.775,136.320,57.337,512
-12.114,135.769,57.772,512
-12.427,135.851,58.976,512
-12.841,135.227,56.911,512
-38.420,78.853,21.353,78
-39.231,77.801,22.078,78
-38.986,77.569,23.283,78
-40.122,77.205,21.437,78
-48.157,83.448,2.599,115
-49.212,84.233,1.856,115
-49.571,85.334,2.327,115
-49.687,83.750,0.809,115
-44.230,81.656,0.003,116
-44.152,81.715,-1.513,116
-43.145,81.235,-2.080,116
-45.106,82.223,-2.141,116
-18.103,79.828,29.763,138
-18.904,78.545,29.767,138
-18.657,77.690,30.643,138
-19.732,78.365,28.848,138
-12.572,85.272,-7.109,157
-12.846,86.758,-6.894,157
-13.835,87.271,-7.462,157
-12.075,87.414,-6.161,157
-23.462,79.646,-1.603,163
-23.104,78.260,-1.107,163
-22.049,78.115,-0.455,163
-23.872,77.312,-1.379,163
-29.820,81.036,-3.122,167
-29.657,79.663,-2.481,167
-29.350,79.591,-1.271,167
-29.846,78.653,-3.194,167
-49.701,88.424,-9.039,182
-49.385,88.020,-7.609,182
-49.757,88.773,-6.683,182
-48.763,86.954,-7.411,182
-58.794,96.167,-9.897,186
-59.731,97.341,-10.142,186
-59.236,98.473,-10.332,186
-60.964,97.136,-10.108,186
-4.544,101.055,-4.139,215
-3.813,100.839,-5.429,215
-4.456,100.396,-6.404,215
-2.603,101.143,-5.478,215
-6.166,108.331,5.281,218
-4.687,108.079,5.085,218
-4.346,107.457,4.058,218
-3.872,108.480,5.950,218
-12.127,108.117,13.073,223
-13.450,108.838,12.970,223
-14.329,108.586,13.822,223
-13.608,109.659,12.037,223
-6.297,103.377,31.423,231
-7.381,103.668,32.457,231
-8.519,104.006,32.060,231
-7.097,103.565,33.672,231
-1.251,99.683,10.540,252
-0.389,100.930,10.591,252
0.840,100.795,10.762,252
-0.940,102.044,10.450,252
-0.954,94.849,6.057,253
-0.984,96.206,5.358,253
-0.395,97.177,5.885,253
-1.596,96.302,4.272,253
-23.193,95.513,-8.318,271
-22.340,94.351,-8.762,271
-22.782,93.190,-8.597,271
-21.224,94.601,-9.266,271
-28.295,93.632,-9.212,275
-27.658,92.346,-8.726,275
-28.265,91.669,-7.868,275
-26.550,92.015,-9.200,275
-13.583,103.585,17.288,303
-14.886,104.309,16.981,303
-15.601,103.888,16.046,303
-15.198,105.298,17.676,303
-21.381,106.479,19.271,314
-22.814,106.932,19.058,314
-23.733,106.292,19.611,314
-23.020,107.932,18.336,314
-55.997,103.062,18.199,355
-57.435,103.518,18.028,355
-58.342,102.678,18.211,355
-57.658,104.701,17.687,355
-56.264,96.780,15.440,356
-56.860,96.389,14.101,356
-56.224,96.668,13.063,356
-57.962,95.801,14.086,356
-40.175,116.912,19.484,374
-40.037,118.077,20.445,374
-41.056,118.750,20.716,374
-38.913,118.301,20.948,374
-41.908,107.687,23.092,377
-42.743,108.566,22.193,377
-42.152,109.301,21.374,377
-43.988,108.507,22.296,377
-32.986,95.623,27.146,382
-34.304,94.876,27.202,382
-34.384,93.762,26.642,382
-35.258,95.401,27.813,382
-21.870,84.658,23.710,386
-22.766,85.102,22.565,386
-22.315,85.937,21.747,386
-23.920,84.617,22.484,386
-34.032,111.577,26.062,397
-34.986,111.554,27.234,397
-34.525,111.298,28.366,397
-36.197,111.790,27.021,397
-24.016,103.636,36.764,410
-24.760,104.633,37.630,410
-24.116,105.282,38.479,410
-25.989,104.765,37.464,410
-24.973,117.074,20.736,416
-26.030,118.107,21.065,416
-25.706,119.081,21.781,416
-27.181,117.949,20.601,416
-19.123,107.317,23.251,421
-19.838,106.141,22.625,421
-19.236,105.449,21.775,421
-21.010,105.913,22.985,421
-14.553,107.706,36.497,427
-13.574,106.821,35.750,427
-14.027,105.964,34.963,427
-12.352,106.979,35.953,427
-32.023,91.936,41.553,452
-32.273,91.765,43.035,452
-33.326,91.196,43.393,452
-31.405,92.166,43.839,452
-36.107,79.657,34.642,460
-36.724,79.012,33.415,460
-36.848,79.699,32.376,460
-37.076,77.813,33.487,460
-26.714,68.546,27.625,470
-26.570,68.547,29.132,470
-26.808,67.488,29.755,470
-26.217,69.606,29.694,470
-48.305,72.940,-8.461,490
-49.571,72.614,-9.253,490
-50.013,73.462,-10.063,490
-50.129,71.510,-9.060,490
-46.064,80.609,-23.535,503
-44.613,80.643,-23.080,503
-44.129,81.724,-22.682,503
-43.952,79.582,-23.124,503
-51.563,86.591,-21.961,504
-50.922,87.706,-22.782,504
-50.109,87.407,-23.685,504
-51.251,88.887,-22.534,504
-46.071,96.932,-23.892,512
-45.458,97.662,-22.713,512
-44.212,97.727,-22.638,512
-46.217,98.187,-21.871,512
20.744,110.106,82.142,78
19.935,111.378,82.357,78
20.141,112.059,83.389,78
19.095,111.699,81.486,78
17.983,103.651,61.687,115
18.363,103.751,60.226,115
19.522,104.119,59.936,115
17.502,103.473,59.366,115
15.874,99.328,63.076,116
15.534,98.184,62.132,116
14.969,97.174,62.604,116
15.830,98.292,60.922,116
25.617,100.637,102.324,138
24.282,101.354,102.458,138
23.736,101.399,103.585,138
23.775,101.864,101.434,138
18.854,71.370,79.115,157
20.330,71.303,78.750,157
20.669,71.509,77.563,157
21.150,71.038,79.657,157
14.694,83.839,77.061,163
13.573,84.140,78.042,163
13.722,83.818,79.240,163
12.542,84.709,77.622,163
15.087,87.152,71.200,167
14.045,87.729,72.139,167
14.434,88.277,73.196,167
12.839,87.650,71.809,167
18.571,96.221,51.109,182
18.734,97.079,52.349,182
19.756,97.787,52.452,182
17.837,97.054,53.218,182
26.143,100.671,42.750,186
26.622,100.765,41.305,186
25.768,100.760,40.393,186
27.854,100.826,41.084,186
34.973,64.390,80.211,215
34.627,63.312,79.183,215
34.347,63.656,78.012,215
34.648,62.115,79.549,215
44.701,70.115,85.405,218
46.222,69.995,85.434,218
46.908,70.996,85.135,218
46.730,68.909,85.795,218
47.105,80.655,86.076,223
47.480,81.542,84.904,223
47.369,82.781,85.036,223
47.874,81.003,83.847,223
48.030,87.843,104.034,231
48.884,86.652,103.674,231
49.403,86.624,102.539,231
48.972,85.711,104.491,231
39.262,72.500,94.555,252
40.508,71.662,94.798,252
40.506,70.847,95.748,252
41.483,71.808,94.025,252
34.278,69.620,93.687,253
33.734,69.451,92.285,253
32.498,69.338,92.145,253
34.541,69.430,91.327,253
27.264,76.185,68.172,271
26.095,75.530,68.866,271
25.051,76.202,69.030,271
26.228,74.353,69.261,271
25.021,79.518,64.529,275
24.017,79.569,65.654,275
23.606,80.694,66.023,275
23.650,78.486,66.169,275
44.246,84.810,89.428,303
44.781,85.431,88.146,303
44.039,85.462,87.141,303
45.951,85.871,88.139,303
47.188,91.437,84.416,314
47.405,92.274,83.176,314
46.914,93.422,83.134,314
48.056,91.775,82.236,314
40.110,118.053,62.400,355
39.907,119.436,61.790,355
38.743,119.847,61.607,355
40.921,120.119,61.508,355
34.132,115.577,60.708,356
33.255,115.155,59.544,356
33.319,113.973,59.140,356
32.481,116.006,59.054,356
56.326,101.532,66.533,374
57.222,102.202,65.511,374
57.380,103.442,65.583,374
57.768,101.490,64.638,374
48.284,108.169,72.144,377
48.770,107.880,70.736,377
49.187,106.732,70.467,377
48.723,108.801,69.891,377
38.890,106.826,84.852,382
38.090,107.941,84.210,382
36.848,107.813,84.147,382
38.698,108.938,83.763,382
28.379,98.349,93.320,386
28.443,98.159,91.813,386
29.063,97.168,91.369,386
27.877,98.996,91.074,386
53.395,103.962,78.660,397
53.694,105.439,78.851,397
53.861,105.868,80.014,397
53.760,106.171,77.838,397
50.449,105.427,94.958,410
51.679,106.284,94.733,410
52.600,106.219,95.576,410
51.731,107.012,93.716,410
57.356,92.957,79.978,416
58.383,93.789,79.241,416
59.552,93.821,79.684,416
58.022,94.410,78.217,416
49.519,92.286,88.343,421
48.138,92.645,87.826,421
47.201,91.830,87.978,421
47.992,93.740,87.254,421
54.674,97.924,100.293,427
53.684,96.855,100.730,427
52.599,96.755,100.116,427
53.991,96.117,101.692,427
40.545,116.579,96.148,452
41.937,116.679,95.549,452
42.104,116.385,94.345,452
42.857,117.113,96.278,452
26.297,117.175,92.234,460
25.236,116.928,91.169,460
25.514,116.171,90.211,460
24.127,117.500,91.285,460
14.110,107.622,97.478,470
14.620,108.489,98.614,470
13.810,109.256,99.181,470
15.827,108.409,98.934,470
4.370,98.284,57.859,490
3.662,98.825,56.626,490
4.105,98.522,55.494,490
2.661,99.560,56.794,490
6.564,85.180,46.664,503
6.873,84.470,47.979,503
8.060,84.210,48.272,503
5.920,84.159,48.723,503
12.245,89.007,42.067,504
13.027,87.774,41.655,504
12.477,86.651,41.727,504
14.198,87.935,41.246,504
21.547,81.804,41.378,512
22.712,82.039,42.328,512
22.847,81.277,43.311,512
23.492,82.990,42.089,512
19.306,115.763,77.033,78
20.287,114.616,76.901,78
21.450,114.871,76.520,78
19.893,113.460,77.172,78
2.390,108.769,88.542,115
1.773,108.465,89.905,115
2.176,109.100,90.907,115
0.882,107.591,89.974,115
-0.734,109.610,84.647,116
-2.243,109.471,84.702,116
-2.893,109.655,83.649,116
-2.781,109.191,85.796,116
25.637,133.232,59.108,138
26.448,132.066,58.597,138
25.957,131.344,57.702,138
27.549,131.837,59.140,138
-14.115,130.533,63.902,157
-14.060,131.570,65.017,157
-14.473,131.253,66.153,157
-13.616,132.708,64.757,157
-5.940,120.759,67.928,163
-5.394,120.085,66.677,163
-4.978,120.805,65.744,163
-5.383,118.835,66.624,163
-6.418,117.521,73.764,167
-5.597,116.796,72.719,167
-4.446,117.212,72.461,167
-6.115,115.821,72.136,167
-9.400,108.925,93.957,182
-8.061,109.160,93.296,182
-7.156,109.704,93.965,182
-7.914,108.798,92.107,182
-8.457,107.252,105.791,186
-9.031,106.280,106.747,186
-9.642,106.696,107.766,186
-8.900,105.070,106.463,186
-15.121,147.553,68.348,215
-16.504,147.164,67.868,215
-17.024,146.124,68.327,215
-17.075,147.899,67.035,215
-8.449,153.568,73.896,218
-9.219,154.367,74.930,218
-8.609,154.799,75.932,218
-10.437,154.566,74.735,218
2.719,152.074,77.410,223
2.829,151.759,78.889,223
3.883,151.235,79.308,223
1.861,152.032,79.633,223
18.192,155.333,67.287,231
17.414,156.626,67.500,231
17.325,157.083,68.662,231
16.909,157.197,66.510,231
-0.722,152.117,63.872,252
-1.010,153.592,64.093,252
-1.077,154.346,63.098,252
-1.173,153.994,65.267,252
-4.679,148.066,60.835,253
-5.384,148.989,61.834,253
-4.981,150.171,61.959,253
-6.344,148.533,62.497,253
-14.535,131.346,78.643,271
-15.013,130.923,77.267,271
-14.665,129.803,76.824,271
-15.725,131.723,76.622,271
-14.181,126.429,81.254,275
-13.689,125.962,79.894,275
-12.643,125.277,79.836,275
-14.355,126.273,78.882,275
7.751,148.843,74.914,303
7.735,148.466,76.386,303
7.123,147.435,76.736,303
8.303,149.223,77.200,303
10.706,146.353,82.781,314
10.697,145.739,84.169,314
11.470,144.789,84.410,314
9.918,146.218,85.026,314
16.003,120.115,106.243,355
16.456,119.602,107.594,355
17.590,119.080,107.681,355
15.678,119.719,108.568,355
15.079,115.934,102.236,356
16.047,115.177,101.314,356
16.074,115.433,100.085,356
16.813,114.337,101.832,356
13.352,142.293,103.667,374
14.193,143.378,104.323,374
14.627,143.177,105.479,374
14.428,144.427,103.683,374
18.178,135.300,98.754,377
17.263,135.257,99.967,377
16.242,135.979,99.976,377
17.566,134.492,100.910,377
21.840,132.944,83.747,382
22.230,131.573,84.267,382
21.849,130.562,83.636,382
22.914,131.505,85.309,382
17.155,132.422,68.924,386
16.620,131.130,69.485,386
17.437,130.278,69.887,386
15.385,130.980,69.542,386
19.237,143.723,95.061,397
20.613,143.390,95.593,397
21.609,143.774,94.940,397
20.699,142.740,96.657,397
28.519,146.469,81.722,410
29.402,146.850,82.883,410
30.089,147.889,82.796,410
29.397,146.116,83.890,410
11.538,152.398,92.275,416
11.948,152.615,93.716,416
12.404,153.735,94.044,416
11.813,151.664,94.517,416
14.082,149.395,81.402,421
13.749,147.930,81.204,421
12.954,147.601,80.293,421
14.265,147.110,81.982,421
26.356,155.803,77.557,427
25.582,155.742,76.250,427
25.024,154.664,75.939,427
25.541,156.764,75.526,427
36.154,134.050,79.519,452
36.163,134.992,80.709,452
35.571,134.644,81.754,452
36.759,136.087,80.591,452
31.611,120.664,74.956,460
30.616,119.522,74.957,460
29.509,119.682,75.515,460
30.941,118.460,74.387,460
24.271,116.959,60.878,470
25.709,117.402,60.664,470
26.510,116.584,60.151,470
26.032,118.567,60.997,470
-6.946,98.593,82.512,490
-5.496,99.045,82.474,490
-5.220,100.233,82.766,490
-4.621,98.208,82.157,490
-23.096,102.545,87.101,503
-22.891,103.558,85.984,503
-22.652,104.751,86.269,503
-22.969,103.159,84.807,503
-21.224,103.780,94.988,504
-22.295,104.828,95.245,504
-23.273,104.921,94.466,504
-22.169,105.552,96.250,504
-25.553,114.055,97.981,512
-24.685,115.311,97.864,512
-24.823,116.049,96.865,512
-23.871,115.568,98.778,512
40.442,137.782,20.844,78
40.960,136.517,20.165,78
41.746,135.771,20.792,78
40.570,136.265,19.002,78
24.069,144.207,8.652,115
22.598,144.142,8.295,115
21.786,143.823,9.192,115
22.254,144.414,7.124,115
26.552,148.517,7.482,116
25.996,149.655,6.644,116
26.741,150.630,6.401,116
24.818,149.581,6.235,116
57.323,147.371,37.014,138
58.126,146.492,36.077,138
58.468,146.947,34.962,138
58.460,145.364,36.487,138
38.978,176.402,18.029,157
37.893,176.484,19.092,157
36.707,176.263,18.759,157
38.223,176.793,20.256,157
39.065,163.971,13.356,163
40.446,163.641,12.817,163
41.443,163.952,13.502,163
40.533,163.055,11.713,163
33.844,160.733,10.893,167
35.156,160.119,10.488,167
35.801,159.491,11.351,167
35.550,160.274,9.314,167
15.036,151.672,4.085,182
16.018,150.827,4.872,182
15.571,150.059,5.752,182
17.235,150.925,4.604,182
3.839,147.590,4.131,186
2.335,147.457,4.232,186
1.809,147.523,5.366,186
1.679,147.277,3.184,186
33.317,183.195,33.288,215
33.140,184.544,32.617,215
32.716,184.578,31.438,215
33.451,185.573,33.260,215
29.081,177.008,42.136,218
28.385,178.248,42.657,218
29.034,179.313,42.734,218
27.181,178.159,42.975,218
30.968,166.760,46.442,223
29.774,165.836,46.306,223
29.982,164.607,46.205,223
28.628,166.334,46.303,223
46.139,159.536,55.856,231
45.644,160.929,56.180,231
44.527,161.281,55.745,231
46.383,161.679,56.853,231
42.007,175.089,43.319,252
41.528,175.879,44.524,252
42.323,176.667,45.080,252
40.350,175.712,44.908,252
43.822,177.527,37.432,253
42.499,178.171,37.834,253
42.286,178.431,39.041,253
41.672,178.425,36.929,253
25.101,171.601,19.974,271
26.248,172.290,19.267,271
26.913,171.637,18.434,271
26.486,173.483,19.550,271
23.242,168.030,16.257,275
24.722,167.875,15.985,275
25.190,166.722,15.874,275
25.417,168.910,15.877,275
35.265,162.651,45.329,303
33.898,162.007,45.219,303
33.346,161.963,44.099,303
33.373,161.554,46.260,303
29.257,156.167,45.184,314
28.055,155.314,44.820,314
28.249,154.150,44.407,314
26.914,155.810,44.951,314
13.731,129.545,26.999,355
14.279,129.177,28.366,355
13.879,129.794,29.376,355
15.129,128.260,28.421,355
15.362,132.018,22.093,356
16.505,131.021,21.918,356
17.684,131.440,21.895,356
16.222,129.806,21.810,356
11.457,144.890,44.674,374
11.358,145.710,45.949,374
10.259,145.770,46.542,374
12.386,146.287,46.365,374
18.239,139.419,40.070,377
16.761,139.681,39.833,377
16.298,140.811,40.105,377
16.064,138.757,39.361,377
33.770,140.829,38.045,382
33.566,139.719,37.021,382
34.096,139.837,35.897,382
32.880,138.723,37.338,382
45.498,149.958,34.012,386
44.827,149.541,32.704,386
44.871,148.337,32.366,386
44.252,150.414,32.017,386
21.250,143.664,47.574,397
21.197,142.179,47.868,397
22.103,141.679,48.570,397
20.250,141.513,47.395,397
36.901,141.903,52.999,410
36.097,140.998,53.913,410
36.355,141.010,55.136,410
35.200,140.285,53.416,410
20.223,154.613,51.848,416
19.008,153.833,52.321,416
18.761,153.790,53.547,416
18.295,153.265,51.465,416
31.571,155.234,49.128,421
31.831,154.980,47.660,421
32.394,155.871,46.986,421
31.465,153.894,47.176,421
39.278,149.424,59.402,427
40.114,150.529,58.775,427
40.145,150.617,57.529,427
40.725,151.321,59.524,427
42.495,131.275,45.134,452
42.967,130.168,46.051,452
43.013,129.000,45.608,452
43.293,130.471,47.219,452
46.462,130.546,30.671,460
46.051,130.793,29.227,460
45.091,131.561,28.997,460
46.687,130.215,28.320,460
56.960,140.028,22.767,470
57.605,139.128,23.804,470
58.475,138.313,23.425,470
57.240,139.232,24.996,470
26.991,149.613,-5.192,490
26.231,149.171,-6.432,490
25.060,149.581,-6.599,490
26.809,148.412,-7.241,490
16.782,162.815,-8.370,503
17.710,163.491,-7.361,503
17.297,163.701,-6.198,503
18.856,163.821,-7.734,503
9.903,158.833,-5.935,504
9.126,160.038,-5.432,504
9.428,161.182,-5.840,504
8.198,159.831,-4.623,504
4.920,166.178,2.373,512
5.408,166.083,3.799,512
6.293,166.878,4.180,512
4.911,165.206,4.536,512
36.792,132.030,17.174,78
36.170,133.153,17.983,78
35.273,132.869,18.810,78
36.575,134.321,17.787,78
55.086,139.062,8.135,115
56.575,139.331,8.227,115
57.261,138.639,9.011,115
57.062,140.232,7.512,115
53.191,138.267,3.471,116
53.993,138.413,2.194,116
53.419,138.193,1.105,116
55.195,138.748,2.275,116
18.418,114.310,13.817,138
17.510,115.363,14.430,138
16.953,116.195,13.686,138
17.342,115.343,15.669,138
41.795,117.438,-18.450,157
42.711,116.382,-17.854,157
43.907,116.675,-17.641,157
42.234,115.259,-17.591,157
41.257,127.080,-9.488,163
39.900,127.747,-9.624,163
38.886,127.020,-9.692,163
39.847,128.998,-9.661,163
46.621,130.400,-6.953,167
45.303,131.127,-6.826,167
44.452,130.685,-6.026,167
45.119,132.142,-7.530,167
65.669,138.889,0.510,182
64.504,138.660,1.458,182
64.737,138.182,2.588,182
63.352,138.960,1.077,182
75.950,139.467,6.032,186
77.401,139.204,6.406,186
78.107,138.532,5.621,186
77.834,139.657,7.488,186
45.197,101.309,-16.818,215
43.862,100.577,-16.698,215
43.798,99.519,-16.031,215
42.868,101.064,-17.279,215
48.223,94.158,-8.358,218
49.503,93.333,-8.288,218
50.159,93.359,-7.224,218
49.869,92.684,-9.292,218
45.335,95.639,2.825,223
46.574,95.993,3.628,223
46.430,96.568,4.730,223
47.692,95.700,3.152,223
28.386,91.638,11.485,231
29.062,90.803,10.408,231
30.289,90.586,10.498,231
28.371,90.390,9.453,231
35.428,95.744,-6.982,252
35.805,94.284,-7.132,252
34.985,93.509,-7.670,252
36.926,93.914,-6.721,252
34.460,99.877,-11.910,253
35.732,99.061,-12.115,253
35.749,97.867,-11.740,253
36.714,99.611,-12.662,253
54.899,116.612,-11.600,271
53.962,117.019,-12.712,271
53.386,118.124,-12.634,271
53.799,116.224,-13.662,271
56.944,121.463,-10.006,275
55.528,121.967,-10.197,275
55.029,122.686,-9.305,275
54.909,121.635,-11.228,275
40.612,98.984,5.942,303
41.925,99.327,6.619,303
42.585,100.299,6.197,303
42.295,98.622,7.582,303
46.025,101.411,12.273,314
47.237,102.030,12.938,314
47.063,102.981,13.728,314
48.362,101.549,12.689,314
64.126,126.802,29.050,355
65.148,127.670,29.761,355
64.741,128.646,30.431,355
66.359,127.377,29.653,355
61.390,131.531,25.720,356
62.173,132.504,24.878,356
62.567,132.130,23.753,356
62.399,133.639,25.348,356
63.403,104.891,23.869,374
64.042,103.942,22.869,374
65.291,103.880,22.813,374
63.293,103.295,22.106,374
56.389,112.636,26.629,377
57.901,112.673,26.476,377
58.442,111.936,25.622,377
58.548,113.443,27.218,377
41.375,114.921,22.501,382
41.599,116.324,23.043,382
41.201,117.293,22.368,382
42.171,116.460,24.145,382
30.299,116.910,11.285,386
31.783,117.105,11.061,386
32.402,116.254,10.390,386
32.327,118.116,11.552,386
52.606,104.049,25.732,397
52.422,104.407,27.195,397
51.366,104.058,27.767,397
53.333,105.036,27.775,397
36.516,101.294,27.411,410
37.082,100.891,28.757,410
36.656,99.846,29.291,410
37.955,101.616,29.278,410
53.989,95.602,17.538,416
55.040,95.470,18.617,416
55.146,94.381,19.219,416
55.758,96.462,18.864,416
43.322,98.519,14.567,421
43.250,99.982,14.151,421
42.818,100.264,13.010,421
43.655,100.848,14.956,421
33.919,92.402,23.943,427
32.976,92.684,22.792,427
33.066,93.786,22.204,427
32.135,91.813,22.488,427
31.180,113.370,32.947,452
32.353,113.327,33.910,452
33.067,114.342,34.001,452
32.579,112.275,34.549,452
29.119,126.974,26.779,460
29.765,128.065,25.933,460
30.797,127.788,25.283,460
29.241,129.200,25.923,460
20.372,130.713,13.614,470
19.487,130.222,14.751,470
18.596,130.985,15.188,470
19.685,129.075,15.207,470
54.254,149.223,-3.252,490
55.037,150.531,-3.238,490
56.273,150.498,-3.431,490
54.412,151.595,-3.024,490
66.258,145.379,-14.966,503
65.224,144.330,-15.360,503
65.402,143.136,-15.030,503
64.232,144.705,-16.020,503
72.234,144.193,-9.493,504
72.986,143.167,-10.319,504
72.800,143.133,-11.556,504
73.761,142.389,-9.730,504
76.814,133.570,-11.787,512
76.238,132.390,-11.015,512
75.460,131.611,-11.610,512
76.571,132.234,-9.820,512
-15.248,87.561,59.528,78
-16.296,88.609,59.850,78
-17.229,88.790,59.038,78
-16.185,89.257,60.911,78
-3.520,82.855,77.147,115
-3.363,82.056,78.428,115
-3.955,80.957,78.519,115
-2.642,82.519,79.338,115
0.699,84.554,74.957,116
2.085,84.436,75.576,116
3.056,84.926,74.959,116
2.208,83.849,76.673,116
22.123,81.059,50.858,157
21.844,79.562,50.967,157
21.856,79.031,52.102,157
21.608,78.919,49.920,157
12.109,86.659,57.596,163
11.832,88.032,57.032,163
11.727,88.157,55.793,163
11.727,88.991,57.825,163
10.273,85.117,63.895,167
9.752,86.480,63.458,167
8.833,86.531,62.609,167
10.264,87.499,63.975,167
5.640,77.783,83.996,182
4.463,78.104,83.100,182
3.466,77.351,83.151,182
4.534,79.089,82.335,182
3.795,68.721,91.525,186
3.810,67.682,92.633,186
3.290,67.964,93.735,186
4.342,66.575,92.395,186
23.116,66.819,44.090,215
24.612,66.957,44.283,215
25.370,66.665,43.332,215
25.030,67.344,45.396,215
14.190,57.131,40.491,218
13.845,57.703,39.125,218
14.746,58.239,38.450,218
12.665,57.594,38.719,218
4.330,58.448,40.753,223
3.724,57.868,42.013,223
2.557,58.195,42.320,223
4.422,57.090,42.700,223
-7.145,63.504,26.790,231
-6.109,62.402,26.651,231
-5.958,61.582,27.588,231
-5.467,62.338,25.578,231
12.018,66.569,32.342,252
12.380,65.305,31.579,252
12.852,65.418,30.429,252
12.210,64.199,32.137,252
16.112,71.521,34.223,253
16.731,70.191,34.634,253
16.583,69.196,33.889,253
17.374,70.139,35.706,253
17.969,70.802,60.573,271
18.729,72.031,60.106,271
18.329,73.156,60.486,271
19.723,71.876,59.367,271
16.349,72.601,65.493,275
16.257,73.896,64.705,275
15.206,74.575,64.768,275
17.244,74.230,64.017,275
0.202,62.789,39.661,303
-0.180,62.025,40.924,303
0.255,62.421,42.029,303
-0.897,61.011,40.807,303
-5.435,59.855,45.617,314
-5.967,59.457,46.981,314
-6.853,60.163,47.505,314
-5.502,58.435,47.530,314
-20.914,63.162,76.319,355
-21.379,62.573,77.631,355
-22.009,63.305,78.421,355
-21.080,61.387,77.883,355
-18.734,69.468,78.071,356
-17.826,69.866,79.221,356
-16.602,69.622,79.125,356
-18.337,70.418,80.222,356
-14.388,49.524,61.848,374
-15.056,48.357,61.134,374
-15.790,47.608,61.811,374
-14.914,48.235,59.894,374
-18.286,58.615,61.696,377
-17.861,57.720,62.837,377
-16.874,56.973,62.667,377
-18.511,57.767,63.903,377
-17.706,70.726,51.967,382
-18.372,71.508,53.091,382
-17.913,72.631,53.397,382
-19.356,71.002,53.669,382
-9.508,81.622,43.842,386
-8.902,81.171,45.163,386
-7.932,80.383,45.126,386
-9.395,81.595,46.234,386
-17.325,54.667,53.435,397
-18.808,54.656,53.752,397
-19.623,54.923,52.840,397
-19.160,54.367,54.917,397
-21.894,62.683,39.706,410
-23.027,61.714,39.966,410
-23.518,61.112,38.991,410
-23.430,61.556,41.137,410
-8.385,49.220,47.980,416
-9.195,48.165,48.709,416
-9.638,47.192,48.054,416
-9.392,48.312,49.937,416
-7.739,58.856,41.745,421
-7.581,60.022,42.698,421
-6.576,60.760,42.596,421
-8.470,60.199,43.549,421
-17.382,58.638,31.401,427
-16.227,59.496,30.932,427
-15.757,60.347,31.717,427
-15.779,59.309,29.781,427
-30.838,73.881,46.918,452
-30.730,72.349,46.788,452
-29.776,71.841,46.161,452
-31.610,71.654,47.342,452
-25.714,86.527,51.142,460
-25.012,87.231,52.279,460
-24.120,86.619,52.907,460
-25.371,88.397,52.555,460
-14.909,97.744,46.352,470
-16.136,97.666,45.469,470
-16.850,98.687,45.349,470
-16.389,96.582,44.900,470
5.934,93.100,82.498,490
4.637,92.785,81.757,490
4.520,91.668,81.202,490
3.729,93.644,81.738,490
20.225,85.409,88.072,503
20.533,85.415,86.583,503
20.420,84.352,85.934,503
20.890,86.492,86.058,503
16.179,79.421,92.034,504
17.253,78.347,91.874,504
18.425,78.695,91.604,504
16.924,77.149,92.036,504
20.634,69.303,88.321,512
19.978,68.649,87.113,512
20.523,68.775,85.993,512
18.925,67.994,87.293,512
