-50.051,-102.215,4.537,54
-51.04,-101.288,5.227,54
-51.772,-100.568,4.513,54
-51.092,-101.28,6.476,54
-23.489,-100.885,-6.646,87
-24.856,-101.449,-7.034,87
-25.851,-101.181,-6.328,87
-24.948,-102.141,-8.062,87
-26.541,-98.654,-14.788,134
-26.24,-100.107,-15.119,134
-25.087,-100.539,-14.924,134
-27.161,-100.81,-15.581,134
-15.896,-87.61,-13.474,185
-15.523,-89.086,-13.33,185
-14.388,-89.377,-12.892,185
-16.369,-89.953,-13.635,185
-14.49,-78.7,-8.983,188
-14.994,-79.538,-10.148,188
-15.766,-80.497,-9.922,188
-14.606,-79.238,-11.303,188
-11.161,-85.261,-1.371,190
-10.165,-85.799,-0.363,190
-10.377,-85.602,0.853,190
-9.167,-86.417,-0.791,190
-18.313,-87.077,0.942,191
-18.159,-87.514,2.399,191
-19.091,-87.274,3.193,191
-17.108,-88.091,2.752,191
-21.286,-81.469,10.27,260
-20.467,-82.761,10.228,260
-19.436,-82.832,10.932,260
-20.854,-83.707,9.503,260
-21.985,-75.125,15.68,262
-21.399,-74.894,17.055,262
-21.247,-73.725,17.47,262
-21.09,-75.901,17.722,262
-22.539,-77.031,21.959,299
-22.364,-76.866,23.454,299
-23.231,-76.228,24.085,299
-21.361,-77.374,23.998,299
-31.998,-84.896,11.248,382
-30.52,-84.83,10.883,382
-30.171,-84.504,9.718,382
-29.691,-85.121,11.771,382
-39.94,-92.428,20.547,423
-41.329,-93.018,20.44,423
-41.44,-94.25,20.256,423
-42.31,-92.246,20.524,423
-41.102,-81.026,-0.293,430
-40.645,-81.826,-1.487,430
-39.423,-82.043,-1.615,430
-41.505,-82.245,-2.289,430
-50.529,-94.631,7.389,494
-50.371,-94.945,8.871,494
-49.66,-94.186,9.566,494
-50.956,-95.937,9.344,494
-36.989,-104.924,11.012,503
-36.779,-106.388,11.347,503
-35.88,-107.022,10.751,503
-37.528,-106.907,12.197,503
-44.634,-79.288,-10.15,514
-44.069,-77.992,-9.609,514
-44.783,-77.299,-8.851,514
-42.911,-77.667,-9.953,514
-51.963,-86.23,-7.674,517
-52.971,-86.751,-6.655,517
-53.686,-87.738,-6.965,517
-53.05,-86.151,-5.556,517
-52.017,-94.633,-5.437,532
-52.921,-95.233,-6.491,532
-52.705,-94.941,-7.686,532
-53.846,-95.988,-6.127,532
-11.026,-29.489,-19.742,54
-10.657,-30.425,-18.591,54
-9.62,-31.119,-18.686,54
-11.388,-30.439,-17.578,54
-25.28,-30.599,-44.84,87
-23.953,-30.066,-44.31,87
-23.557,-30.447,-43.189,87
-23.292,-29.278,-45.02,87
-17.87,-32.68,-49.724,134
-17.877,-31.205,-50.07,134
-18.804,-30.761,-50.778,134
-16.949,-30.491,-49.634,134
-27.037,-43.609,-55.342,185
-27.355,-42.121,-55.35,185
-28.525,-41.765,-55.614,185
-26.444,-41.31,-55.076,185
-31.135,-52.562,-52.915,188
-29.903,-51.788,-53.351,188
-29.471,-50.871,-52.616,188
-29.363,-52.103,-54.437,188
-38.351,-46.107,-48.514,190
-39.76,-46.494,-48.106,190
-40.413,-45.706,-47.386,190
-40.218,-47.581,-48.519,190
-34.002,-44.297,-42.435,191
-34.988,-43.876,-41.36,191
-34.765,-44.214,-40.177,191
-35.99,-43.211,-41.699,191
-37.327,-50.232,-33.25,260
-37.942,-48.963,-33.83,260
-39.174,-48.94,-34.043,260
-37.193,-47.988,-34.067,260
-40.042,-56.8,-28.669,262
-41.289,-57.149,-27.879,262
-41.51,-58.339,-27.565,262
-42.053,-56.217,-27.578,262
-43.197,-56.447,-23.068,299
-44.069,-56.44,-21.834,299
-44.57,-55.354,-21.468,299
-44.252,-57.521,-21.231,299
-29.334,-46.888,-25.958,382
-30.281,-46.995,-27.147,382
-29.829,-47.321,-28.274,382
-31.492,-46.74,-26.962,382
-28.972,-39.65,-13.582,423
-27.804,-39.155,-12.767,423
-27.523,-37.937,-12.826,423
-27.16,-39.978,-12.081,423
-15.011,-50.634,-29.43,430
-14.688,-49.833,-30.662,430
-15.569,-49.723,-31.539,430
-13.568,-49.285,-30.739,430
-12.583,-37.255,-17.325,494
-13.651,-36.968,-16.271,494
-14.601,-37.774,-16.136,494
-13.541,-35.943,-15.57,494
-25.405,-26.942,-22.613,503
-25.883,-25.505,-22.459,503
-26.249,-24.872,-23.473,503
-25.89,-25.009,-21.315,503
-5.823,-53.167,-33.849,514
-6.981,-53.501,-34.779,514
-7.687,-52.575,-35.237,514
-7.177,-54.699,-35.069,514
-2.031,-45.472,-28.536,517
-1.816,-45.041,-27.096,517
-1.122,-44.021,-26.883,517
-2.359,-45.7,-26.18,517
-2.658,-38.448,-26.693,532
-1.441,-37.554,-26.747,532
-1.528,-36.41,-26.252,532
-0.403,-37.993,-27.293,532
