2.145,61.159,45.744,13
1.141,61.088,46.895,13
1.665,61.801,48.152,13
-0.183,61.671,46.423,13
2.018,62.075,36.899,15
1.113,62.779,35.883,15
0.639,64.121,36.414,15
1.875,62.954,34.589,15
-1.405,63.487,40.922,18
-0.328,63.797,41.975,18
0.646,64.751,41.312,18
-1.003,64.430,43.192,18
-11.270,65.526,43.590,25
-10.176,65.390,44.634,25
-9.161,66.522,44.482,25
-10.785,65.395,46.021,25
3.714,66.494,48.717,43
3.760,65.347,49.691,43
4.874,65.601,50.707,43
2.401,65.276,50.367,43
-2.343,66.840,47.714,46
-1.717,65.523,47.339,46
-1.304,64.820,48.640,46
-2.731,64.712,46.535,46
2.144,51.323,53.243,57
2.600,51.174,51.785,57
2.063,49.931,51.083,57
2.206,52.400,50.992,57
-3.968,49.412,53.751,62
-2.916,50.238,52.990,62
-1.637,49.406,52.920,62
-3.430,50.603,51.587,62
-11.812,51.188,46.722,67
-11.198,51.105,45.332,67
-11.341,49.680,44.810,67
-11.998,52.050,44.468,67
2.090,45.520,42.842,76
1.263,46.463,41.969,76
0.971,45.796,40.632,76
-0.040,46.785,42.677,76
-0.520,45.509,48.880,81
-0.824,46.816,48.154,81
-0.571,46.561,46.667,81
-2.277,47.245,48.342,81
-9.956,53.842,37.952,97
-9.752,53.437,39.419,97
-9.153,54.620,40.190,97
-11.033,52.953,40.104,97
2.956,54.100,15.246,121
2.756,53.744,13.774,121
2.740,55.052,12.981,121
3.959,52.882,13.395,121
-1.448,62.047,29.834,141
-1.012,63.454,29.405,141
-2.280,64.291,29.298,141
-0.020,64.083,30.381,141
-7.386,58.741,35.148,144
-7.598,57.311,35.695,144
-7.408,57.310,37.214,144
-9.015,56.815,35.334,144
-6.758,59.948,28.082,146
-5.236,59.748,28.027,146
-4.909,58.423,27.358,146
-4.621,60.942,27.250,146
-11.454,60.235,31.172,147
-11.365,58.761,31.581,147
-11.834,58.674,33.057,147
-12.239,57.883,30.669,147
-10.072,55.900,19.136,153
-9.221,54.634,18.955,153
-10.066,53.346,19.084,153
-8.549,54.698,17.591,153
-3.995,52.239,26.897,156
-5.254,53.087,27.128,156
-6.087,52.410,28.213,156
-4.895,54.524,27.511,156
-1.195,48.153,29.366,158
-2.506,48.841,28.924,158
-3.634,47.808,28.968,158
-2.752,49.854,30.019,158
-1.807,43.818,32.706,163
-2.027,44.465,31.312,163
-1.077,43.813,30.299,163
-3.476,44.255,30.847,163
-8.924,45.669,29.777,169
-8.352,45.882,28.384,169
-8.604,47.286,27.856,169
-6.848,45.552,28.355,169
5.107,44.119,21.066,177
4.134,45.220,20.654,177
4.831,46.570,20.853,177
3.563,45.019,19.245,177
9.708,33.898,34.527,191
9.608,33.427,33.068,191
9.650,34.600,32.096,191
10.709,32.419,32.757,191
-1.698,36.107,29.015,199
-0.565,35.385,28.296,199
-0.301,33.991,28.851,199
-0.850,35.336,26.801,199
6.086,34.375,25.204,216
7.172,33.356,25.571,216
8.119,33.887,26.643,216
6.567,32.050,26.075,216
9.389,42.391,6.397,239
9.087,43.179,7.670,239
10.356,43.446,8.477,239
8.316,44.452,7.344,239
4.596,46.986,5.034,248
5.482,48.015,5.779,248
4.545,48.943,6.537,248
6.466,47.334,6.734,248
3.845,50.815,2.495,256
4.525,52.172,2.753,256
3.769,53.215,1.933,256
4.406,52.470,4.247,256
10.224,53.960,11.023,263
9.174,54.500,11.991,263
8.209,53.365,12.342,263
9.847,55.013,13.269,263
3.924,44.869,10.764,273
4.859,44.866,9.535,273
5.590,43.535,9.547,273
4.094,45.042,8.216,273
-0.431,48.412,9.829,276
-1.356,48.560,8.610,276
-1.996,49.941,8.605,276
-0.551,48.342,7.328,276
-3.422,47.868,16.564,278
-2.545,46.908,17.380,278
-1.590,47.750,18.235,278
-3.429,46.047,18.273,278
-8.056,53.220,11.797,284
-8.144,53.702,13.246,284
-6.746,53.937,13.812,284
-9.030,54.955,13.358,284
-0.899,53.680,4.117,290
-1.336,52.215,3.941,290
-1.549,51.892,2.464,290
-0.338,51.238,4.554,290
3.243,54.099,7.579,293
2.504,53.069,8.422,293
2.141,51.884,7.560,293
3.255,52.673,9.679,293
9.823,57.627,20.152,299
8.295,57.457,20.316,299
8.006,56.377,21.369,299
7.681,58.790,20.684,299
24.225,62.328,12.274,307
25.173,63.248,11.492,307
26.241,63.828,12.405,307
25.865,62.461,10.401,307
21.940,42.948,16.743,330
22.807,43.921,17.557,330
23.857,43.152,18.364,330
23.518,44.945,16.658,330
21.661,44.874,11.711,333
22.227,46.280,11.867,333
21.107,47.292,12.038,333
23.140,46.328,13.073,333
28.216,47.090,12.542,339
27.524,47.320,13.901,339
26.647,48.594,13.947,339
26.701,46.100,14.263,339
28.226,47.658,17.970,341
27.134,47.186,18.939,341
25.777,47.830,18.635,341
27.026,45.666,18.852,341
28.217,52.451,21.278,342
29.145,53.441,20.534,342
28.412,54.642,19.971,342
30.293,53.899,21.413,342
28.129,47.267,23.981,343
27.827,46.580,22.623,343
28.453,45.185,22.553,343
26.326,46.444,22.417,343
24.960,40.572,22.164,355
23.928,41.298,23.021,355
24.508,42.586,23.569,355
22.648,41.560,22.227,355
29.497,40.164,17.718,359
28.437,40.840,18.605,359
28.996,41.221,19.972,359
27.771,42.039,17.950,359
32.705,45.749,20.212,366
32.025,44.522,19.615,366
32.161,43.300,20.545,366
30.574,44.773,19.155,366
30.140,44.884,26.692,376
28.803,44.800,27.451,376
28.431,46.181,27.967,376
27.730,44.266,26.517,376
30.751,39.907,23.426,379
29.695,40.026,24.532,379
28.857,41.250,24.201,379
28.815,38.785,24.594,379
38.037,54.924,19.943,396
38.889,55.010,21.210,396
38.884,53.677,21.963,396
40.315,55.545,20.975,396
34.226,54.497,16.555,397
33.114,55.441,16.989,397
32.376,55.921,15.753,397
32.161,54.734,17.950,397
24.517,50.897,16.089,408
23.308,50.345,16.850,408
22.084,51.255,16.693,408
22.999,48.935,16.312,408
24.263,54.567,20.686,409
24.020,54.504,22.195,409
25.262,54.140,22.976,409
23.333,55.770,22.740,409
21.324,54.608,36.373,416
19.856,54.785,35.961,416
18.937,54.197,37.032,416
19.461,56.243,35.664,416
29.226,62.793,20.818,432
29.624,63.377,22.170,432
29.710,62.279,23.205,432
30.898,64.226,22.071,432
32.576,62.858,16.164,436
32.971,63.068,17.628,436
32.836,61.745,18.365,436
34.389,63.628,17.749,436
